Sample_ID,Strain,BioSample,BioProject,Year,Month,Time,ST,Clade,AdhesinType,Mutation23S,Country,GeoLocName,Usage,Subclude,ICU,CNS
GCA_002128025.1,549,,NA,1965,NA,< 2010,1,T1-1,type1,-,USA,USA,Public data,NA,NA,NA
GCA_002147855.1,M129 2002,,NA,1968,NA,< 2010,1,T1-1,type1,-,USA,USA,Public data,NA,NA,NA
GCA_000027345.1,M129; ATCC 29342,,NA,1968,NA,< 2010,1,T1-1,type1,-,USA,USA,Public data,NA,NA,NA
GCA_000331085.2,M129-B7,,NA,1968,NA,< 2010,1,T1-1,type1,-,USA,USA,Public data,NA,NA,NA
GCA_009947205.1,10-1110,,NA,2010,NA,< 2019,1,T1-1,type1,-,Korea,Korea,Public data,NA,NA,NA
GCA_009948395.1,10-980,,NA,2010,NA,< 2019,1,T1-1,type1,-,Korea,Korea,Public data,NA,NA,NA
GCA_002090295.1,S55-tet-R,,NA,2015,NA,< 2019,1,T1-1,type1,A2063G,China,China,Public data,NA,NA,NA
GCA_002090275.1,S68-tet-R,,NA,2015,NA,< 2019,1,T1-1,type1,A2063G,China,China,Public data,NA,NA,NA
GCA_002090235.1,FH-tet-R,,NA,2016,NA,< 2019,1,T1-1,type1,-,China,China,Public data,NA,NA,NA
GCA_002096035.1,S12-tet-R,,NA,2016,NA,< 2019,1,T1-1,type1,A2063G,China,China,Public data,NA,NA,NA
GCA_002096015.1,S34-tet-R,,NA,2016,NA,< 2019,1,T1-1,type1,A2063G,China,China,Public data,NA,NA,NA
GCA_002095995.1,S4-tet-R,,NA,2016,NA,< 2019,1,T1-1,type1,A2063G,China,China,Public data,NA,NA,NA
GCA_002090215.1,S63-tet-R,,NA,2016,NA,< 2019,1,T1-1,type1,A2063G,China,China,Public data,NA,NA,NA
GCA_002090315.1,S91-tet-R,,NA,2016,NA,< 2019,1,T1-1,type1,A2063G,China,China,Public data,NA,NA,NA
GCA_001272915.1,Mac,,NA,1944,NA,< 2010,2,T2-1,type2,-,USA,USA,Public data,NA,NA,NA
GCA_001272835.1,FH,,NA,1954,NA,< 2010,2,T2-1,type2,-,USA,USA,Public data,NA,NA,NA
GCA_000143945.1,FH,,NA,1954,NA,< 2010,2,T2-1,type2,-,USA,USA,Public data,NA,NA,NA
GCA_001901705.1,FH 2009,,NA,1954,NA,< 2010,2,T2-1,type2,-,USA,USA,Public data,NA,NA,NA
GCA_900660465.1,NCTC10119,,NA,1967,NA,< 2010,2,T2-1,type2,-,UK,UK,Public data,NA,NA,NA
GCA_000319655.2,PO1,,NA,1980,NA,< 2010,2,T2-1,type2,-,USA,USA,Public data,NA,NA,NA
GCA_001272895.1,M2592,,NA,1982,NA,< 2010,2,T2-1,type2,-,UK,UK,Public data,NA,NA,NA
GCA_000387745.2,19294,,NA,1994,NA,< 2010,--,T2-1,type2,-,USA,USA,Public data,NA,NA,NA
GCA_002128235.1,1134,,NA,1999,NA,< 2010,2,T2-1,type2,-,USA,USA,Public data,NA,NA,NA
GCA_001272715.1,39443,,NA,1999,NA,< 2010,2,T2-1,type2,-,USA,USA,Public data,NA,NA,NA
GCA_002128105.1,1801,,NA,2000,NA,< 2010,2,T2-1,type2,-,USA,USA,Public data,NA,NA,NA
GCA_002128085.1,RI3,,NA,2007,NA,< 2010,2,T2-1,type2,-,USA,USA,Public data,NA,NA,NA
GCA_000283755.1,309,,NA,1998,NA,< 2010,2,T2-2,type2,-,Japan,Japan,Public data,NA,NA,NA
GCA_002128285.1,GA3,,NA,2012,NA,< 2019,2,T2-1,type2,-,USA,USA,Public data,NA,NA,NA
GCA_002128165.1,CO103,,NA,2013,NA,< 2019,2,T2-1,type2,-,USA,USA,Public data,NA,NA,NA
GCA_002355695.1,KCH-402,,NA,2012,NA,< 2019,--,T2-1,type2,-,Japan,Japan,Public data,NA,NA,NA
GCA_000319675.2,PI 1428,,NA,1960,NA,< 2010,3,T1-2,type1,-,USA,USA,Public data,NA,NA,NA
GCA_001272795.1,85084,,NA,1984,NA,< 2010,--,T1-2,type1,-,China,China,Public data,NA,NA,NA
GCA_001272815.1,85138,,NA,1984,NA,< 2010,--,T1-2,type1,-,China,China,Public data,NA,NA,NA
GCA_000733995.1,M29,,NA,2005,NA,< 2010,3,T1-2,type1,A2063G,China,China,Public data,NA,NA,NA
GCA_009947985.1,10-1048,,NA,2010,NA,< 2019,3,T1-2,type1,A2063G,Korea,Korea,Public data,NA,NA,NA
GCA_009946845.1,10-1213,,NA,2010,NA,< 2019,3,T1-2,type1,A2063G,Korea,Korea,Public data,NA,NA,NA
GCA_009946285.1,10-1257,,NA,2010,NA,< 2019,3,T1-2,type1,-,Korea,Korea,Public data,NA,NA,NA
GCA_009945535.1,11-107,,NA,2011,NA,< 2019,3,T1-2,type1,-,Korea,Korea,Public data,NA,NA,NA
GCA_009944335.1,11-212,,NA,2011,NA,< 2019,3,T1-2,type1,A2063G,Korea,Korea,Public data,NA,NA,NA
GCA_009944075.1,11-473,,NA,2011,NA,< 2019,3,T1-2,type1,-,Korea,Korea,Public data,NA,NA,NA
GCA_009943805.1,11-634,,NA,2011,NA,< 2019,3,T1-2,type1,A2063G,Korea,Korea,Public data,NA,NA,NA
GCA_009943205.1,11-994,,NA,2011,NA,< 2019,3,T1-2,type1,-,Korea,Korea,Public data,NA,NA,NA
GCA_009942655.1,12-060,,NA,2012,NA,< 2019,3,T1-2,type1,A2063G,Korea,Korea,Public data,NA,NA,NA
GCA_009942395.1,12-091,,NA,2012,NA,< 2019,3,T1-2,type1,A2063G,Korea,Korea,Public data,NA,NA,NA
GCA_001558175.1,C267,,NA,2012,NA,< 2019,3,T1-2,type1,A2063G,China,China,Public data,NA,NA,NA
GCA_002128045.1,FL8,,NA,2012,NA,< 2019,3,T1-2,type1,-,USA,USA,Public data,NA,NA,NA
GCA_001509195.1,S355,,NA,2012,NA,< 2019,3,T1-2,type1,A2063G,China,China,Public data,NA,NA,NA
GCA_009941705.1,15-215,,NA,2015,NA,< 2019,3,T1-2,type1,A2063G,Korea,Korea,Public data,NA,NA,NA
GCA_009941325.1,15-885,,NA,2015,NA,< 2019,3,T1-2,type1,A2063G,Korea,Korea,Public data,NA,NA,NA
GCA_009940965.1,15-969,,NA,2015,NA,< 2019,3,T1-2,type1,A2063G,Korea,Korea,Public data,NA,NA,NA
GCA_009940325.1,15-982,,NA,2015,NA,< 2019,3,T1-2,type1,A2063G,Korea,Korea,Public data,NA,NA,NA
GCA_009939975.1,16-002,,NA,2016,NA,< 2019,3,T1-2,type1,A2063G,Korea,Korea,Public data,NA,NA,NA
GCA_009939845.1,16-004,,NA,2016,NA,< 2019,3,T1-2,type1,A2063G,Korea,Korea,Public data,NA,NA,NA
GCA_009939825.1,16-032,,NA,2016,NA,< 2019,3,T1-2,type1,A2063G,Korea,Korea,Public data,NA,NA,NA
GCA_009939805.1,16-118,,NA,2016,NA,< 2019,3,T1-2,type1,A2063G,Korea,Korea,Public data,NA,NA,NA
GCA_009939785.1,16-462,,NA,2016,NA,< 2019,3,T1-2,type1,A2063G,Korea,Korea,Public data,NA,NA,NA
GCA_009939765.1,16-710,,NA,2016,NA,< 2019,3,T1-2,type1,A2063G,Korea,Korea,Public data,NA,NA,NA
GCA_001272855.1,M1139,,NA,1981,NA,< 2010,4,T2-1,type2,-,UK,UK,Public data,NA,NA,NA
GCA_001272875.1,M2192,,NA,1982,NA,< 2010,--,T2-1,type2,-,UK,UK,Public data,NA,NA,NA
GCA_002128205.1,1006,,NA,1999,NA,< 2010,--,T2-1,type2,A2063G,USA,USA,Public data,NA,NA,NA
GCA_002128005.1,E57,,NA,2009,NA,< 2010,--,T2-2,type2,-,Egypt,Egypt,Public data,NA,NA,NA
GCA_009945865.1,10-1385,,NA,2010,NA,< 2019,14,T2-2,type2,-,Korea,Korea,Public data,NA,NA,NA
GCA_009944725.1,11-174,,NA,2011,NA,< 2019,14,T2-2,type2,-,Korea,Korea,Public data,NA,NA,NA
GCA_009943505.1,11-949,,NA,2011,NA,< 2019,14,T2-2,type2,A2063G,Korea,Korea,Public data,NA,NA,NA
GCA_009942155.1,14-637,,NA,2014,NA,< 2019,14,T2-2,type2,-,Korea,Korea,Public data,NA,NA,NA
GCA_002128125.1,CO3,,NA,2014,NA,< 2019,14,T2-2,type2,-,USA,USA,Public data,NA,NA,NA
GCA_009939745.1,16-734,,NA,2016,NA,< 2019,14,T2-2,type2,-,Korea,Korea,Public data,NA,NA,NA
GCA_002355715.1,KCH-405,,NA,2012,NA,< 2019,14,T2-2,type2,-,Japan,Japan,Public data,NA,NA,NA
GCA_002128265.1,519,,NA,1995,NA,< 2010,15,T2-2,type2,-,USA,USA,Public data,NA,NA,NA
GCA_002128185.1,K27,,NA,2010,NA,< 2019,16,T2-1,type2,-,Kenya,Kenya,Public data,NA,NA,NA
GCA_009947575.1,10-1059,,NA,2010,NA,< 2019,17,T1-3,type1,-,Korea,Korea,Public data,NA,NA,NA
GCA_009945165.1,11-129,,NA,2011,NA,< 2019,17,T1-3,type1,-,Korea,Korea,Public data,NA,NA,NA
GCA_002127985.1,685,,NA,1988,NA,< 2010,19,T1-2,type1,A2063G,Denmark,Denmark,Public data,NA,NA,NA
GCA_001272735.1,51494,,NA,2006,NA,< 2010,20,T1-2,type1,-,USA,USA,Public data,NA,NA,NA
GCA_001272755.1,54089,,NA,2009,NA,< 2010,20,T1-2,type1,A2063G,USA,USA,Public data,NA,NA,NA
GCA_001272775.1,54524,,NA,2009,NA,< 2010,20,T1-2,type1,-,USA,USA,Public data,NA,NA,NA
GCA_002128065.1,E16,,NA,2010,NA,< 2019,20,T1-2,type1,-,Egypt,Egypt,Public data,NA,NA,NA
GCA_002128145.1,FL1,,NA,2012,NA,< 2019,20,T1-2,type1,-,USA,USA,Public data,NA,NA,NA
GCA_009942915.1,11-1384,,NA,2011,NA,< 2019,33,T2-2,type2,-,Korea,Korea,Public data,NA,NA,NA
GCA_009810495.1,KPI-165,,NA,1991,NA,< 2010,2,T2-2,type2,-,Japan,Japan,Public data,NA,NA,NA
GCA_009810515.1,KPI-170,,NA,1991,NA,< 2010,2,T2-2,type2,-,Japan,Japan,Public data,NA,NA,NA
GCA_009810535.1,KPI-199,,NA,1993,NA,< 2010,2,T2-2,type2,-,Japan,Japan,Public data,NA,NA,NA
GCA_009810235.1,K-001,,NA,2011,NA,< 2019,3,T1-2,type1,A2063T,Japan,Japan,Public data,NA,NA,NA
GCA_009810695.1,K-12,,NA,2012,NA,< 2019,3,T1-2,type1,A2063T,Japan,Japan,Public data,NA,NA,NA
GCA_009810735.1,K-32,,NA,2012,NA,< 2019,3,T1-2,type1,A2063G,Japan,Japan,Public data,NA,NA,NA
GCA_009810755.1,K-35,,NA,2012,NA,< 2019,3,T1-2,type1,A2063T,Japan,Japan,Public data,NA,NA,NA
GCA_009810595.1,KCH-120,,NA,2008,NA,< 2010,3,T1-2,type1,-,Japan,Japan,Public data,NA,NA,NA
GCA_009810295.1,KCH-144_S,,NA,2008,NA,< 2010,3,T1-2,type1,-,Japan,Japan,Public data,NA,NA,NA
GCA_009810915.1,KCH-443,,NA,2011,NA,< 2019,3,T1-2,type1,A2063G,Japan,Japan,Public data,NA,NA,NA
GCA_009810955.1,KCH-595,,NA,2011,NA,< 2019,3,T1-2,type1,A2063G,Japan,Japan,Public data,NA,NA,NA
GCA_009810975.1,KCH-721,,NA,2011,NA,< 2019,3,T1-2,type1,-,Japan,Japan,Public data,NA,NA,NA
GCA_009811055.1,KCH-837,,NA,2011,NA,< 2019,3,T1-2,type1,A2063G,Japan,Japan,Public data,NA,NA,NA
GCA_009811095.1,KCH-917,,NA,2011,NA,< 2019,3,T1-2,type1,A2063G,Japan,Japan,Public data,NA,NA,NA
GCA_009810795.1,KP2440,,NA,2016,NA,< 2019,3,T1-2,type1,A2063G,Japan,Japan,Public data,NA,NA,NA
GCA_009810815.1,KP2446,,NA,2016,NA,< 2019,3,T1-2,type1,A2063G,Japan,Japan,Public data,NA,NA,NA
GCA_009810835.1,KP2450,,NA,2016,NA,< 2019,3,T1-2,type1,A2063G,Japan,Japan,Public data,NA,NA,NA
GCA_009810355.1,KPI-040,,NA,1983,NA,< 2010,3,T1-2,type1,-,Japan,Japan,Public data,NA,NA,NA
GCA_009810395.1,KPI-079,,NA,1985,NA,< 2010,3,T1-2,type1,-,Japan,Japan,Public data,NA,NA,NA
GCA_009810435.1,KPI-111,,NA,1988,NA,< 2010,3,T1-2,type1,-,Japan,Japan,Public data,NA,NA,NA
GCA_009810455.1,KPI-131,,NA,1988,NA,< 2010,3,T1-2,type1,-,Japan,Japan,Public data,NA,NA,NA
GCA_009810095.1,KPI-136,,NA,1989,NA,< 2010,3,T1-2,type1,-,Japan,Japan,Public data,NA,NA,NA
GCA_009810475.1,KPI-150,,NA,1990,NA,< 2010,3,T1-2,type1,-,Japan,Japan,Public data,NA,NA,NA
GCA_009810115.1,KPI-180,,NA,1992,NA,< 2010,3,T1-2,type1,-,Japan,Japan,Public data,NA,NA,NA
GCA_009810775.1,P24,,NA,1985,NA,< 2010,3,T1-2,type1,-,Japan,Japan,Public data,NA,NA,NA
GCA_009810575.1,SRC-1,,NA,2013,NA,< 2019,3,T1-2,type1,A2063G,Japan,Japan,Public data,NA,NA,NA
GCA_009811255.1,Y4-35,,NA,2011,NA,< 2019,3,T1-2,type1,A2064C,Japan,Japan,Public data,NA,NA,NA
GCA_009811275.1,Y4-45,,NA,2011,NA,< 2019,3,T1-2,type1,A2063G,Japan,Japan,Public data,NA,NA,NA
GCA_009810895.1,K708,,NA,2011,NA,< 2019,7,T2-1,type2,-,Japan,Japan,Public data,NA,NA,NA
GCA_009809995.1,KPI-002,,NA,1976,NA,< 2010,7,T2-1,type2,-,Japan,Japan,Public data,NA,NA,NA
GCA_009810315.1,KPI-007,,NA,1979,NA,< 2010,7,T2-1,type2,-,Japan,Japan,Public data,NA,NA,NA
GCA_009810335.1,KPI-015,,NA,1980,NA,< 2010,7,T2-1,type2,-,Japan,Japan,Public data,NA,NA,NA
GCA_009810015.1,KPI-020,,NA,1980,NA,< 2010,7,T2-1,type2,-,Japan,Japan,Public data,NA,NA,NA
GCA_009810035.1,KPI-037,,NA,1983,NA,< 2010,7,T2-1,type2,-,Japan,Japan,Public data,NA,NA,NA
GCA_009810055.1,KPI-064,,NA,1984,NA,< 2010,7,T2-1,type2,-,Japan,Japan,Public data,NA,NA,NA
GCA_009810415.1,KPI-102,,NA,1987,NA,< 2010,7,T2-1,type2,-,Japan,Japan,Public data,NA,NA,NA
GCA_009810135.1,KPI-187,,NA,1992,NA,< 2010,7,T2-1,type2,-,Japan,Japan,Public data,NA,NA,NA
GCA_009810555.1,KPI-200,,NA,1994,NA,< 2010,7,T2-1,type2,-,Japan,Japan,Public data,NA,NA,NA
GCA_009811155.1,Y3-12,,NA,2011,NA,< 2019,7,T2-1,type2,-,Japan,Japan,Public data,NA,NA,NA
GCA_009811215.1,Y4-15,,NA,2011,NA,< 2019,7,T2-1,type2,-,Japan,Japan,Public data,NA,NA,NA
GCA_009811235.1,Y4-20,,NA,2011,NA,< 2019,7,T2-1,type2,A2063G,Japan,Japan,Public data,NA,NA,NA
GCA_009811295.1,Y4-67,,NA,2011,NA,< 2019,7,T2-1,type2,-,Japan,Japan,Public data,NA,NA,NA
GCA_009810175.1,I-37,,NA,2013,NA,< 2019,14,T2-2,type2,-,Japan,Japan,Public data,NA,NA,NA
GCA_009810255.1,K-004_L,,NA,2011,NA,< 2019,14,T2-2,type2,-,Japan,Japan,Public data,NA,NA,NA
GCA_009810275.1,K-004_S,,NA,2011,NA,< 2019,14,T2-2,type2,-,Japan,Japan,Public data,NA,NA,NA
GCA_009810615.1,KCH-161,,NA,2009,NA,< 2010,14,T2-2,type2,-,Japan,Japan,Public data,NA,NA,NA
GCA_009810635.1,KCH-266,,NA,2010,NA,< 2019,14,T2-2,type2,-,Japan,Japan,Public data,NA,NA,NA
GCA_009810655.1,KCH-338,,NA,2011,NA,< 2019,14,T2-2,type2,-,Japan,Japan,Public data,NA,NA,NA
GCA_009810155.1,KCH-348,,NA,2011,NA,< 2019,14,T2-2,type2,-,Japan,Japan,Public data,NA,NA,NA
GCA_009810675.1,KCH-349,,NA,2011,NA,< 2019,14,T2-2,type2,-,Japan,Japan,Public data,NA,NA,NA
GCA_009810935.1,KCH-501,,NA,2011,NA,< 2019,14,T2-2,type2,-,Japan,Japan,Public data,NA,NA,NA
GCA_009810995.1,KCH-731,,NA,2011,NA,< 2019,14,T2-2,type2,A2063G,Japan,Japan,Public data,NA,NA,NA
GCA_009811075.1,KCH-845,,NA,2011,NA,< 2019,14,T2-2,type2,-,Japan,Japan,Public data,NA,NA,NA
GCA_009810855.1,M241,,NA,2011,NA,< 2019,14,T2-2,type2,-,Japan,Japan,Public data,NA,NA,NA
GCA_009810875.1,M282,,NA,2011,NA,< 2019,14,T2-2,type2,-,Japan,Japan,Public data,NA,NA,NA
GCA_009811115.1,Y3-2,,NA,2011,NA,< 2019,14,T2-2,type2,-,Japan,Japan,Public data,NA,NA,NA
GCA_009811175.1,Y3-43,,NA,2011,NA,< 2019,14,T2-2,type2,A2063G,Japan,Japan,Public data,NA,NA,NA
GCA_009811195.1,Y3-60,,NA,2011,NA,< 2019,14,T2-2,type2,-,Japan,Japan,Public data,NA,NA,NA
GCA_009810195.1,I-42,,NA,2013,NA,< 2019,16,T2-1,type2,-,Japan,Japan,Public data,NA,NA,NA
GCA_009811135.1,Y3-8,,NA,2011,NA,< 2019,30,T1-2,type1,A2063G,Japan,Japan,Public data,NA,NA,NA
GCA_009811035.1,KCH-825,,NA,2011,NA,< 2019,--,T2-2,type2,-,Japan,Japan,Public data,NA,NA,NA
GCA_009810715.1,K-24,,NA,2012,NA,< 2019,--,T2-2,type2,-,Japan,Japan,Public data,NA,NA,NA
GCA_009811015.1,KCH-803,,NA,2011,NA,< 2019,3,T1-2,type1,A2063G,Japan,Japan,Public data,NA,NA,NA
GCA_009810375.1,KPI-072,,NA,1985,NA,< 2010,--,T2-1,type2,-,Japan,Japan,Public data,NA,NA,NA
GCA_009810075.1,KPI-119,,NA,1988,NA,< 2010,--,T1-2,type1,-,Japan,Japan,Public data,NA,NA,NA
GCA_002563495.1,303,,NA,1991,NA,< 2010,1,T1-1,type1,-,USA,USA,Public data,NA,NA,NA
GCA_002563545.1,FH 1965,,NA,1954,NA,< 2010,2,T2-1,type2,-,USA,USA,Public data,NA,NA,NA
GCA_002563355.1,682,,NA,NA,NA,< 2010,2,T2-1,type2,-,Denmark,Denmark,Public data,NA,NA,NA
GCA_002563415.1,986,,NA,1998,NA,< 2010,3,T1-2,type1,-,Kenya,Kenya,Public data,NA,NA,NA
GCA_002563515.1,G6,,NA,2010,NA,< 2019,3,T1-2,type1,-,Guatemala,Guatemala,Public data,NA,NA,NA
GCA_002563435.1,K21,,NA,2010,NA,< 2019,3,T1-2,type1,-,Kenya,Kenya,Public data,NA,NA,NA
GCA_002563345.1,CO36,,NA,2013,NA,< 2019,3,T1-2,type1,-,USA,USA,Public data,NA,NA,NA
GCA_002563365.1,1005,,NA,1999,NA,< 2010,--,T2-1,type2,-,USA,USA,Public data,NA,NA,NA
GCA_001296615.1,Mympn_4802,,NA,2006,NA,< 2010,1,T1-1,type1,-,Tunisia,Tunisia,Public data,NA,NA,NA
GCA_001296855.1,Mympn_4807,,NA,2008,NA,< 2010,1,T1-1,type1,-,Tunisia,Tunisia,Public data,NA,NA,NA
GCA_001296805.1,Mympn_M547,,NA,1967,NA,< 2010,2,T2-1,type2,-,Denmark,Denmark,Public data,NA,NA,NA
GCA_001296685.1,Mympn_5393,,NA,1991,NA,< 2010,2,T2-2,type2,-,Germany,Germany,Public data,NA,NA,NA
GCA_001296525.1,Mympn_2882,,NA,1999,NA,< 2010,2,T2-1,type2,-,Spain,Spain,Public data,NA,NA,NA
GCA_001296625.1,Mympn_4911,,NA,2008,NA,< 2010,2,T2-1,type2,-,France,France,Public data,NA,NA,NA
GCA_001296785.1,Mympn_6282,,NA,2011,NA,< 2019,2,T2-1,type2,-,France,France,Public data,NA,NA,NA
GCA_001296665.1,Mympn_5392,,NA,1993,NA,< 2010,3,T1-2,type1,-,Germany,Germany,Public data,NA,NA,NA
GCA_001296505.1,Mympn_2285,,NA,1996,NA,< 2010,3,T1-2,type1,-,France,France,Public data,NA,NA,NA
GCA_001296815.1,Mympn_3912,,NA,2005,NA,< 2010,3,T1-2,type1,-,France,France,Public data,NA,NA,NA
GCA_001296585.1,Mympn_4010,,NA,2005,NA,< 2010,3,T1-2,type1,A2063G,France,France,Public data,NA,NA,NA
GCA_001296725.1,Mympn_5817,,NA,2011,NA,< 2019,3,T1-2,type1,-,France,France,Public data,NA,NA,NA
GCA_001296895.1,Mympn_5837,,NA,2011,NA,< 2019,3,T1-2,type1,-,France,France,Public data,NA,NA,NA
GCA_001296735.1,Mympn_5954,,NA,2011,NA,< 2019,3,T1-2,type1,A2063G,France,France,Public data,NA,NA,NA
GCA_001296885.1,Mympn_6250,,NA,2011,NA,< 2019,3,T1-2,type1,-,France,France,Public data,NA,NA,NA
GCA_001296905.1,Mympn_6421,,NA,1979,NA,< 2010,3,T1-2,type1,-,France,France,Public data,NA,NA,NA
GCA_001296565.1,Mympn_3896,,NA,2005,NA,< 2010,14,T2-2,type2,-,France,France,Public data,NA,NA,NA
GCA_001296485.1,Mympn_1145,,NA,1999,NA,< 2010,20,T1-2,type1,-,France,France,Public data,NA,NA,NA
GCA_001296705.1,Mympn_5767,,NA,2011,NA,< 2019,20,T1-2,type1,-,France,France,Public data,NA,NA,NA
GCA_001296515.1,Mympn_3163,,NA,2001,NA,< 2010,--,T2-1,type2,-,France,France,Public data,NA,NA,NA
GCA_001296765.1,Mympn_6009,,NA,2011,NA,< 2019,--,T2-2,type2,-,France,France,Public data,NA,NA,NA
GCA_001296605.1,Mympn_4318,,NA,2003,NA,< 2010,--,T2-1,type2,C2617G,Japan,Japan,Public data,NA,NA,NA
GCA_001296825.1,Mympn_4358,,NA,2003,NA,< 2010,--,T2-1,type2,A2063C,Japan,Japan,Public data,NA,NA,NA
GCA_001455605.1,CIP10349,,NA,2010,NA,< 2019,3,T1-2,type1,A2063G,China,China,Public data,NA,NA,NA
GCA_001455635.1,CIP10361,,NA,2010,NA,< 2019,3,T1-2,type1,A2063G,China,China,Public data,NA,NA,NA
GCA_001455675.1,CIP12206,,NA,2012,NA,< 2019,3,T1-2,type1,A2063G,China,China,Public data,NA,NA,NA
GCA_001455685.1,CIP12235,,NA,2012,NA,< 2019,3,T1-2,type1,A2063G,China,China,Public data,NA,NA,NA
GCA_001455695.1,CIP12261,,NA,2012,NA,< 2019,3,T1-2,type1,A2063G,China,China,Public data,NA,NA,NA
GCA_001455735.1,CIP12267,,NA,2012,NA,< 2019,3,T1-2,type1,A2063G,China,China,Public data,NA,NA,NA
GCA_001455625.1,CIP12311,,NA,2012,NA,< 2019,3,T1-2,type1,A2063G,China,China,Public data,NA,NA,NA
GCA_001455745.1,CIP12355,,NA,2012,NA,< 2019,3,T1-2,type1,A2063G,China,China,Public data,NA,NA,NA
GCA_001455775.1,CIP12357,,NA,2012,NA,< 2019,3,T1-2,type1,A2063G,China,China,Public data,NA,NA,NA
GCA_001455795.1,CIP12265,,NA,2012,NA,< 2019,30,T1-2,type1,A2063G,China,China,Public data,NA,NA,NA
GCA_052029935.1,G2.fasta,SAMN46413066,PRJNA1215594,2023,NA,2023,-,T2-1,type2,-,China,China: Hainan,Public data,NA,NA,NA
GCA_052029945.1,F2.fasta,SAMN46413065,PRJNA1215594,2023,NA,2023,-,T2-1,type2,-,China,China: Hainan,Public data,NA,NA,NA
GCA_051999805.1,B2.fasta,SAMN46413064,PRJNA1215594,2023,NA,2023,-,T2-1,type2,-,China,China: Hainan,Public data,NA,NA,NA
GCA_052029955.1,A2.fasta,SAMN46413063,PRJNA1215594,2023,NA,2023,-,T2-1,type2,-,China,China: Hainan,Public data,NA,NA,NA
GCA_052000095.1,90403.fasta,SAMN46413062,PRJNA1215594,2023,NA,2023,3,T1-2,type1,-,China,China: Shandong,Public data,NA,NA,NA
GCA_052029965.1,90402.fasta,SAMN46413061,PRJNA1215594,2023,NA,2023,3,T1-2,type1,-,China,China: Shandong,Public data,NA,NA,NA
GCA_052000705.1,90401.fasta,SAMN46413060,PRJNA1215594,2023,NA,2023,3,T1-2,type1,-,China,China: Shandong,Public data,NA,NA,NA
GCA_052029975.1,90400.fasta,SAMN46413059,PRJNA1215594,2023,NA,2023,14,T2-2,type2,-,China,China: Shandong,Public data,NA,NA,NA
GCA_052000995.1,90399.fasta,SAMN46413058,PRJNA1215594,2023,NA,2023,3,T1-2,type1,-,China,China: Shandong,Public data,NA,NA,NA
GCA_052029985.1,90398.fasta,SAMN46413057,PRJNA1215594,2023,NA,2023,14,T2-2,type2,-,China,China: Shandong,Public data,NA,NA,NA
GCA_052001485.1,90397.fasta,SAMN46413056,PRJNA1215594,2023,NA,2023,3,T1-2,type1,-,China,China: Shandong,Public data,NA,NA,NA
GCA_052001735.1,90396.fasta,SAMN46413055,PRJNA1215594,2023,NA,2023,3,T1-2,type1,-,China,China: Shandong,Public data,NA,NA,NA
GCA_052002245.1,90395.fasta,SAMN46413054,PRJNA1215594,2023,NA,2023,3,T1-2,type1,-,China,China: Shandong,Public data,NA,NA,NA
GCA_052029995.1,90394.fasta,SAMN46413053,PRJNA1215594,2023,NA,2023,14,T2-2,type2,-,China,China: Shandong,Public data,NA,NA,NA
GCA_052002455.1,90384.fasta,SAMN46413052,PRJNA1215594,2023,NA,2023,3,T1-2,type1,-,China,China: Inner Mongolia,Public data,NA,NA,NA
GCA_052030005.1,90375.fasta,SAMN46413051,PRJNA1215594,2023,NA,2023,3,T1-2,type1,-,China,China: Inner Mongolia,Public data,NA,NA,NA
GCA_052002945.1,90374.fasta,SAMN46413050,PRJNA1215594,2023,NA,2023,3,T1-2,type1,-,China,China: Inner Mongolia,Public data,NA,NA,NA
GCA_052030015.1,90373.fasta,SAMN46413049,PRJNA1215594,2023,NA,2023,3,T1-2,type1,-,China,China: Inner Mongolia,Public data,NA,NA,NA
GCA_052030025.1,90370.fasta,SAMN46413048,PRJNA1215594,2023,NA,2023,3,T1-2,type1,-,China,China: Inner Mongolia,Public data,NA,NA,NA
GCA_052030035.1,90369.fasta,SAMN46413047,PRJNA1215594,2023,NA,2023,3,T1-2,type1,-,China,China: Inner Mongolia,Public data,NA,NA,NA
GCA_052030045.1,90368.fasta,SAMN46413046,PRJNA1215594,2023,NA,2023,3,T1-2,type1,-,China,China: Inner Mongolia,Public data,NA,NA,NA
GCA_052030055.1,90366.fasta,SAMN46413045,PRJNA1215594,2023,NA,2023,3,T1-2,type1,-,China,China: Inner Mongolia,Public data,NA,NA,NA
GCA_052003215.1,90365.fasta,SAMN46413044,PRJNA1215594,2023,NA,2023,3,T1-2,type1,-,China,China: Inner Mongolia,Public data,NA,NA,NA
GCA_052003725.1,90363.fasta,SAMN46413043,PRJNA1215594,2023,NA,2023,3,T1-2,type1,-,China,China: Inner Mongolia,Public data,NA,NA,NA
GCA_052003935.1,90362.fasta,SAMN46413042,PRJNA1215594,2023,NA,2023,3,T1-2,type1,-,China,China: Inner Mongolia,Public data,NA,NA,NA
GCA_052004425.1,90145.fasta,SAMN46413041,PRJNA1215594,2023,NA,2023,3,T1-2,type1,-,China,China: Shaanxi,Public data,NA,NA,NA
GCA_052030065.1,90045.fasta,SAMN46413040,PRJNA1215594,2023,NA,2023,3,T1-2,type1,-,China,China: Fujian,Public data,NA,NA,NA
GCA_052004695.1,90041.fasta,SAMN46413039,PRJNA1215594,2023,NA,2023,3,T1-2,type1,-,China,China: Fujian,Public data,NA,NA,NA
GCA_052005225.1,90034.fasta,SAMN46413038,PRJNA1215594,2023,NA,2023,3,T1-2,type1,-,China,China: Fujian,Public data,NA,NA,NA
GCA_052005475.1,89975.fasta,SAMN46413037,PRJNA1215594,2023,NA,2023,3,T1-2,type1,-,China,China: Fujian,Public data,NA,NA,NA
GCA_052030075.1,89953.fasta,SAMN46413036,PRJNA1215594,2023,NA,2023,3,T1-2,type1,-,China,China: Fujian,Public data,NA,NA,NA
GCA_052006015.1,89934.fasta,SAMN46413035,PRJNA1215594,2023,NA,2023,3,T1-2,type1,-,China,China: Fujian,Public data,NA,NA,NA
GCA_052030085.1,89928.fasta,SAMN46413034,PRJNA1215594,2023,NA,2023,3,T1-2,type1,-,China,China: Fujian,Public data,NA,NA,NA
GCA_052006275.1,89925.fasta,SAMN46413033,PRJNA1215594,2023,NA,2023,-,T1-2,type1,-,China,China: Fujian,Public data,NA,NA,NA
GCA_052006755.1,89905.fasta,SAMN46413032,PRJNA1215594,2023,NA,2023,3,T1-2,type1,-,China,China: Fujian,Public data,NA,NA,NA
GCA_052007005.1,89896.fasta,SAMN46413031,PRJNA1215594,2023,NA,2023,3,T1-2,type1,-,China,China: Fujian,Public data,NA,NA,NA
GCA_052007515.1,89864.fasta,SAMN46413030,PRJNA1215594,2023,NA,2023,3,T1-2,type1,-,China,China: Inner Mongolia,Public data,NA,NA,NA
GCA_052030095.1,89862.fasta,SAMN46413029,PRJNA1215594,2023,NA,2023,3,T1-2,type1,-,China,China: Inner Mongolia,Public data,NA,NA,NA
GCA_052007765.1,89848.fasta,SAMN46413028,PRJNA1215594,2023,NA,2023,3,T1-2,type1,-,China,China: Liaoning,Public data,NA,NA,NA
GCA_052008305.1,89845.fasta,SAMN46413027,PRJNA1215594,2023,NA,2023,3,T1-2,type1,-,China,China: Liaoning,Public data,NA,NA,NA
GCA_052030105.1,89842.fasta,SAMN46413026,PRJNA1215594,2023,NA,2023,14,T2-2,type2,-,China,China: Liaoning,Public data,NA,NA,NA
GCA_052008555.1,89841.fasta,SAMN46413025,PRJNA1215594,2023,NA,2023,3,T1-2,type1,-,China,China: Liaoning,Public data,NA,NA,NA
GCA_052009005.1,89836.fasta,SAMN46413024,PRJNA1215594,2023,NA,2023,3,T1-2,type1,-,China,China: Liaoning,Public data,NA,NA,NA
GCA_052009255.1,89832.fasta,SAMN46413023,PRJNA1215594,2023,NA,2023,3,T1-2,type1,-,China,China: Liaoning,Public data,NA,NA,NA
GCA_052009735.1,89831.fasta,SAMN46413022,PRJNA1215594,2023,NA,2023,3,T1-2,type1,-,China,China: Liaoning,Public data,NA,NA,NA
GCA_052009945.1,89830.fasta,SAMN46413021,PRJNA1215594,2023,NA,2023,3,T1-2,type1,-,China,China: Liaoning,Public data,NA,NA,NA
GCA_052010395.1,89825.fasta,SAMN46413020,PRJNA1215594,2023,NA,2023,14,T2-2,type2,-,China,China: Liaoning,Public data,NA,NA,NA
GCA_052010645.1,89823.fasta,SAMN46413019,PRJNA1215594,2023,NA,2023,3,T1-2,type1,-,China,China: Liaoning,Public data,NA,NA,NA
GCA_052030115.1,89816.fasta,SAMN46413018,PRJNA1215594,2023,NA,2023,3,T1-2,type1,-,China,China: Liaoning,Public data,NA,NA,NA
GCA_052011195.1,89814.fasta,SAMN46413017,PRJNA1215594,2023,NA,2023,3,T1-2,type1,-,China,China: Liaoning,Public data,NA,NA,NA
GCA_052011265.1,89807.fasta,SAMN46413016,PRJNA1215594,2023,NA,2023,3,T1-2,type1,-,China,China: Liaoning,Public data,NA,NA,NA
GCA_052030125.1,89804.fasta,SAMN46413015,PRJNA1215594,2023,NA,2023,3,T1-2,type1,-,China,China: Liaoning,Public data,NA,NA,NA
GCA_052030135.1,89697.fasta,SAMN46413014,PRJNA1215594,2023,NA,2023,3,T1-2,type1,-,China,China: Shandong,Public data,NA,NA,NA
GCA_052011675.1,89690.fasta,SAMN46413013,PRJNA1215594,2023,NA,2023,3,T1-2,type1,-,China,China: Shandong,Public data,NA,NA,NA
GCA_052012065.1,89685.fasta,SAMN46413012,PRJNA1215594,2023,NA,2023,3,T1-2,type1,-,China,China: Shandong,Public data,NA,NA,NA
GCA_052030145.1,89657.fasta,SAMN46413011,PRJNA1215594,2023,NA,2023,14,T2-2,type2,-,China,China: Shandong,Public data,NA,NA,NA
GCA_052012435.1,89630.fasta,SAMN46413010,PRJNA1215594,2023,NA,2023,3,T1-2,type1,-,China,China: Shandong,Public data,NA,NA,NA
GCA_052012785.1,89627.fasta,SAMN46413009,PRJNA1215594,2023,NA,2023,3,T1-2,type1,-,China,China: Shandong,Public data,NA,NA,NA
GCA_052013155.1,89624.fasta,SAMN46413008,PRJNA1215594,2023,NA,2023,3,T1-2,type1,-,China,China: Shandong,Public data,NA,NA,NA
GCA_052013565.1,89620.fasta,SAMN46413007,PRJNA1215594,2023,NA,2023,3,T1-2,type1,-,China,China: Shandong,Public data,NA,NA,NA
GCA_052013895.1,89599.fasta,SAMN46413006,PRJNA1215594,2023,NA,2023,3,T1-2,type1,-,China,China: Shandong,Public data,NA,NA,NA
GCA_052014205.1,89557.fasta,SAMN46413005,PRJNA1215594,2023,NA,2023,3,T1-2,type1,-,China,China: Shandong,Public data,NA,NA,NA
GCA_052014455.1,89541.fasta,SAMN46413004,PRJNA1215594,2023,NA,2023,3,T1-2,type1,-,China,China: Shandong,Public data,NA,NA,NA
GCA_052014845.1,89468.fasta,SAMN46413003,PRJNA1215594,2023,NA,2023,17,T1-3,type1,-,China,China: Shandong,Public data,NA,NA,NA
GCA_052015175.1,89440.fasta,SAMN46413002,PRJNA1215594,2023,NA,2023,3,T1-2,type1,-,China,China: Shandong,Public data,NA,NA,NA
GCA_052015405.1,89432.fasta,SAMN46413001,PRJNA1215594,2023,NA,2023,3,T1-2,type1,-,China,China: Shandong,Public data,NA,NA,NA
GCA_052015835.1,89422.fasta,SAMN46413000,PRJNA1215594,2023,NA,2023,17,T1-3,type1,-,China,China: Anhui,Public data,NA,NA,NA
GCA_052030155.1,89403.fasta,SAMN46412999,PRJNA1215594,2023,NA,2023,3,T1-2,type1,-,China,China: Anhui,Public data,NA,NA,NA
GCA_052030165.1,89389.fasta,SAMN46412998,PRJNA1215594,2023,NA,2023,14,T2-2,type2,-,China,China: Anhui,Public data,NA,NA,NA
GCA_052016205.1,89349.fasta,SAMN46412997,PRJNA1215594,2023,NA,2023,3,T1-2,type1,-,China,China: Zhejiang,Public data,NA,NA,NA
GCA_052016635.1,89339.fasta,SAMN46412996,PRJNA1215594,2023,NA,2023,3,T1-2,type1,-,China,China: Beijing,Public data,NA,NA,NA
GCA_052017025.1,89336.fasta,SAMN46412995,PRJNA1215594,2023,NA,2023,14,T2-2,type2,-,China,China: Beijing,Public data,NA,NA,NA
GCA_052030175.1,89332.fasta,SAMN46412994,PRJNA1215594,2023,NA,2023,3,T1-2,type1,-,China,China: Beijing,Public data,NA,NA,NA
GCA_052030185.1,89324.fasta,SAMN46412993,PRJNA1215594,2023,NA,2023,3,T1-2,type1,-,China,China: Beijing,Public data,NA,NA,NA
GCA_052017455.1,89322.fasta,SAMN46412992,PRJNA1215594,2023,NA,2023,3,T1-2,type1,-,China,China: Beijing,Public data,NA,NA,NA
GCA_052030195.1,89317.fasta,SAMN46412991,PRJNA1215594,2023,NA,2023,3,T1-2,type1,-,China,China: Beijing,Public data,NA,NA,NA
GCA_052017765.1,89307.fasta,SAMN46412990,PRJNA1215594,2023,NA,2023,3,T1-2,type1,-,China,China: Beijing,Public data,NA,NA,NA
GCA_052018075.1,89294.fasta,SAMN46412989,PRJNA1215594,2023,NA,2023,3,T1-2,type1,-,China,China: Beijing,Public data,NA,NA,NA
GCA_052030205.1,89293.fasta,SAMN46412988,PRJNA1215594,2023,NA,2023,14,T2-2,type2,-,China,China: Beijing,Public data,NA,NA,NA
GCA_052018445.1,89286.fasta,SAMN46412987,PRJNA1215594,2023,NA,2023,3,T1-2,type1,-,China,China: Beijing,Public data,NA,NA,NA
GCA_052030215.1,89277.fasta,SAMN46412986,PRJNA1215594,2023,NA,2023,14,T2-2,type2,-,China,China: Beijing,Public data,NA,NA,NA
GCA_052018875.1,89264.fasta,SAMN46412985,PRJNA1215594,2023,NA,2023,3,T1-2,type1,-,China,China: Beijing,Public data,NA,NA,NA
GCA_052019245.1,89262.fasta,SAMN46412984,PRJNA1215594,2023,NA,2023,3,T1-2,type1,-,China,China: Beijing,Public data,NA,NA,NA
GCA_052030225.1,89261.fasta,SAMN46412983,PRJNA1215594,2023,NA,2023,14,T2-2,type2,-,China,China: Beijing,Public data,NA,NA,NA
GCA_052019635.1,89248.fasta,SAMN46412982,PRJNA1215594,2023,NA,2023,3,T1-2,type1,-,China,China: Beijing,Public data,NA,NA,NA
GCA_052020005.1,89233.fasta,SAMN46412981,PRJNA1215594,2023,NA,2023,3,T1-2,type1,-,China,China: Guangdong,Public data,NA,NA,NA
GCA_052020395.1,89230.fasta,SAMN46412980,PRJNA1215594,2023,NA,2023,3,T1-2,type1,-,China,China: Guangdong,Public data,NA,NA,NA
GCA_052020765.1,89229.fasta,SAMN46412979,PRJNA1215594,2023,NA,2023,3,T1-2,type1,-,China,China: Guangdong,Public data,NA,NA,NA
GCA_052021175.1,89226.fasta,SAMN46412978,PRJNA1215594,2023,NA,2023,17,T1-3,type1,-,China,China: Guangdong,Public data,NA,NA,NA
GCA_052030235.1,89225.fasta,SAMN46412977,PRJNA1215594,2023,NA,2023,3,T1-2,type1,-,China,China: Guangdong,Public data,NA,NA,NA
GCA_052030245.1,89216.fasta,SAMN46412976,PRJNA1215594,2023,NA,2023,3,T1-2,type1,-,China,China: Guangdong,Public data,NA,NA,NA
GCA_052021465.1,89214.fasta,SAMN46412975,PRJNA1215594,2023,NA,2023,3,T1-2,type1,-,China,China: Guangdong,Public data,NA,NA,NA
GCA_052021895.1,89209.fasta,SAMN46412974,PRJNA1215594,2023,NA,2023,3,T1-2,type1,-,China,China: Guangdong,Public data,NA,NA,NA
GCA_052022185.1,89206.fasta,SAMN46412973,PRJNA1215594,2023,NA,2023,3,T1-2,type1,-,China,China: Guangdong,Public data,NA,NA,NA
GCA_052030255.1,89205.fasta,SAMN46412972,PRJNA1215594,2023,NA,2023,3,T1-2,type1,-,China,China: Guangdong,Public data,NA,NA,NA
GCA_052022515.1,89203.fasta,SAMN46412971,PRJNA1215594,2023,NA,2023,3,T1-2,type1,-,China,China: Guangdong,Public data,NA,NA,NA
GCA_052022845.1,89197.fasta,SAMN46412970,PRJNA1215594,2023,NA,2023,3,T1-2,type1,-,China,China: Guangdong,Public data,NA,NA,NA
GCA_052023195.1,89193.fasta,SAMN46412969,PRJNA1215594,2023,NA,2023,17,T1-3,type1,-,China,China: Guangdong,Public data,NA,NA,NA
GCA_052023525.1,89192.fasta,SAMN46412968,PRJNA1215594,2023,NA,2023,3,T1-2,type1,-,China,China: Guangdong,Public data,NA,NA,NA
GCA_052023875.1,89190.fasta,SAMN46412967,PRJNA1215594,2023,NA,2023,3,T1-2,type1,-,China,China: Guangdong,Public data,NA,NA,NA
GCA_052024205.1,89187.fasta,SAMN46412966,PRJNA1215594,2023,NA,2023,3,T1-2,type1,-,China,China: Guangdong,Public data,NA,NA,NA
GCA_052024575.1,89185.fasta,SAMN46412965,PRJNA1215594,2023,NA,2023,3,T1-2,type1,-,China,China: Guangdong,Public data,NA,NA,NA
GCA_052030265.1,89184.fasta,SAMN46412964,PRJNA1215594,2023,NA,2023,3,T1-2,type1,-,China,China: Guangdong,Public data,NA,NA,NA
GCA_052024965.1,89180.fasta,SAMN46412963,PRJNA1215594,2023,NA,2023,3,T1-2,type1,-,China,China: Guangdong,Public data,NA,NA,NA
GCA_052025315.1,89178.fasta,SAMN46412962,PRJNA1215594,2023,NA,2023,3,T1-2,type1,-,China,China: Guangdong,Public data,NA,NA,NA
GCA_052025605.1,89176.fasta,SAMN46412961,PRJNA1215594,2023,NA,2023,3,T1-2,type1,-,China,China: Shandong,Public data,NA,NA,NA
GCA_052025955.1,89174.fasta,SAMN46412960,PRJNA1215594,2023,NA,2023,3,T1-2,type1,-,China,China: Shandong,Public data,NA,NA,NA
GCA_052026265.1,89078.fasta,SAMN46412959,PRJNA1215594,2023,NA,2023,3,T1-2,type1,-,China,China: Hebei,Public data,NA,NA,NA
GCA_052026575.1,89077.fasta,SAMN46412958,PRJNA1215594,2023,NA,2023,3,T1-2,type1,-,China,China: Hebei,Public data,NA,NA,NA
GCA_052026925.1,88912.fasta,SAMN46412957,PRJNA1215594,2023,NA,2023,3,T1-2,type1,-,China,China: Shandong,Public data,NA,NA,NA
GCA_052027155.1,88900.fasta,SAMN46412956,PRJNA1215594,2023,NA,2023,14,T2-2,type2,-,China,China: Shandong,Public data,NA,NA,NA
GCA_052027165.1,88843.fasta,SAMN46412955,PRJNA1215594,2023,NA,2023,3,T1-2,type1,-,China,China: Shandong,Public data,NA,NA,NA
GCA_052027435.1,88841.fasta,SAMN46412954,PRJNA1215594,2023,NA,2023,3,T1-2,type1,-,China,China: Shandong,Public data,NA,NA,NA
GCA_052027765.1,88804.fasta,SAMN46412953,PRJNA1215594,2023,NA,2023,3,T1-2,type1,-,China,China: Shandong,Public data,NA,NA,NA
GCA_052028135.1,88797.fasta,SAMN46412952,PRJNA1215594,2023,NA,2023,3,T1-2,type1,-,China,China: Shandong,Public data,NA,NA,NA
GCA_052028445.1,88790.fasta,SAMN46412951,PRJNA1215594,2023,NA,2023,3,T1-2,type1,-,China,China: Shandong,Public data,NA,NA,NA
GCA_052030275.1,88780.fasta,SAMN46412950,PRJNA1215594,2023,NA,2023,3,T1-2,type1,-,China,China: Shandong,Public data,NA,NA,NA
GCA_052028755.1,88778.fasta,SAMN46412949,PRJNA1215594,2023,NA,2023,3,T1-2,type1,-,China,China: Shandong,Public data,NA,NA,NA
GCA_052030285.1,88726.fasta,SAMN46412948,PRJNA1215594,2023,NA,2023,14,T2-2,type2,-,China,China: Shandong,Public data,NA,NA,NA
GCA_052028885.1,88698.fasta,SAMN46412947,PRJNA1215594,2023,NA,2023,3,T1-2,type1,-,China,China: Shandong,Public data,NA,NA,NA
GCA_052028895.1,88642.fasta,SAMN46412946,PRJNA1215594,2023,NA,2023,3,T1-2,type1,-,China,China: Shandong,Public data,NA,NA,NA
GCA_052030295.1,88639.fasta,SAMN46412945,PRJNA1215594,2023,NA,2023,14,T2-2,type2,-,China,China: Shandong,Public data,NA,NA,NA
GCA_052030305.1,88638.fasta,SAMN46412944,PRJNA1215594,2023,NA,2023,3,T1-2,type1,-,China,China: Shandong,Public data,NA,NA,NA
GCA_052030315.1,88636.fasta,SAMN46412943,PRJNA1215594,2023,NA,2023,14,T2-2,type2,-,China,China: Shandong,Public data,NA,NA,NA
GCA_052028905.1,88635.fasta,SAMN46412942,PRJNA1215594,2023,NA,2023,3,T1-2,type1,-,China,China: Shandong,Public data,NA,NA,NA
GCA_052028915.1,88630.fasta,SAMN46412941,PRJNA1215594,2023,NA,2023,3,T1-2,type1,-,China,China: Shandong,Public data,NA,NA,NA
GCA_052028925.1,88626.fasta,SAMN46412940,PRJNA1215594,2023,NA,2023,3,T1-2,type1,-,China,China: Shandong,Public data,NA,NA,NA
GCA_052028935.1,88624.fasta,SAMN46412939,PRJNA1215594,2023,NA,2023,3,T1-2,type1,-,China,China: Shandong,Public data,NA,NA,NA
GCA_052030325.1,88612.fasta,SAMN46412938,PRJNA1215594,2023,NA,2023,14,T2-2,type2,-,China,China: Shandong,Public data,NA,NA,NA
GCA_052030335.1,88604.fasta,SAMN46412937,PRJNA1215594,2023,NA,2023,14,T2-2,type2,-,China,China: Shandong,Public data,NA,NA,NA
GCA_052030345.1,88598.fasta,SAMN46412936,PRJNA1215594,2023,NA,2023,3,T1-2,type1,-,China,China: Shandong,Public data,NA,NA,NA
GCA_052028945.1,88595.fasta,SAMN46412935,PRJNA1215594,2023,NA,2023,3,T1-2,type1,-,China,China: Shandong,Public data,NA,NA,NA
GCA_052028955.1,88591.fasta,SAMN46412934,PRJNA1215594,2023,NA,2023,3,T1-2,type1,-,China,China: Shandong,Public data,NA,NA,NA
GCA_052028965.1,88587.fasta,SAMN46412933,PRJNA1215594,2023,NA,2023,3,T1-2,type1,-,China,China: Shandong,Public data,NA,NA,NA
GCA_052030355.1,88585.fasta,SAMN46412932,PRJNA1215594,2023,NA,2023,14,T2-2,type2,-,China,China: Shandong,Public data,NA,NA,NA
GCA_052030365.1,88582.fasta,SAMN46412931,PRJNA1215594,2023,NA,2023,3,T1-2,type1,-,China,China: Shandong,Public data,NA,NA,NA
GCA_052028975.1,88567.fasta,SAMN46412930,PRJNA1215594,2023,NA,2023,3,T1-2,type1,-,China,China: Shandong,Public data,NA,NA,NA
GCA_052030375.1,88559.fasta,SAMN46412929,PRJNA1215594,2023,NA,2023,3,T1-2,type1,-,China,China: Shandong,Public data,NA,NA,NA
GCA_052030385.1,88552.fasta,SAMN46412928,PRJNA1215594,2023,NA,2023,14,T2-2,type2,-,China,China: Shandong,Public data,NA,NA,NA
GCA_052030395.1,88551.fasta,SAMN46412927,PRJNA1215594,2023,NA,2023,14,T2-2,type2,-,China,China: Shandong,Public data,NA,NA,NA
GCA_052028985.1,88548.fasta,SAMN46412926,PRJNA1215594,2023,NA,2023,3,T1-2,type1,-,China,China: Shandong,Public data,NA,NA,NA
GCA_052029005.1,88540.fasta,SAMN46412925,PRJNA1215594,2023,NA,2023,3,T1-2,type1,-,China,China: Shandong,Public data,NA,NA,NA
GCA_052029015.1,88509.fasta,SAMN46412924,PRJNA1215594,2023,NA,2023,3,T1-2,type1,-,China,China: Shandong,Public data,NA,NA,NA
GCA_052029025.1,88429.fasta,SAMN46412923,PRJNA1215594,2023,NA,2023,3,T1-2,type1,-,China,China: Shandong,Public data,NA,NA,NA
GCA_052030405.1,88425.fasta,SAMN46412922,PRJNA1215594,2023,NA,2023,14,T2-2,type2,-,China,China: Shandong,Public data,NA,NA,NA
GCA_052030415.1,88424.fasta,SAMN46412921,PRJNA1215594,2023,NA,2023,14,T2-2,type2,-,China,China: Shandong,Public data,NA,NA,NA
GCA_052029035.1,88423.fasta,SAMN46412920,PRJNA1215594,2023,NA,2023,14,T2-2,type2,-,China,China: Shandong,Public data,NA,NA,NA
GCA_052029045.1,88375.fasta,SAMN46412919,PRJNA1215594,2023,NA,2023,3,T1-2,type1,-,China,China: Liaoning,Public data,NA,NA,NA
GCA_052029055.1,88368.fasta,SAMN46412918,PRJNA1215594,2023,NA,2023,3,T1-2,type1,-,China,China: Liaoning,Public data,NA,NA,NA
GCA_052030425.1,88257.fasta,SAMN46412917,PRJNA1215594,2023,NA,2023,14,T2-2,type2,-,China,China: Liaoning,Public data,NA,NA,NA
GCA_052029065.1,88255.fasta,SAMN46412916,PRJNA1215594,2023,NA,2023,3,T1-2,type1,-,China,China: Liaoning,Public data,NA,NA,NA
GCA_052029075.1,88249.fasta,SAMN46412915,PRJNA1215594,2023,NA,2023,3,T1-2,type1,-,China,China: Liaoning,Public data,NA,NA,NA
GCA_052029085.1,88247.fasta,SAMN46412914,PRJNA1215594,2023,NA,2023,3,T1-2,type1,-,China,China: Liaoning,Public data,NA,NA,NA
GCA_052029095.1,88245.fasta,SAMN46412913,PRJNA1215594,2023,NA,2023,3,T1-2,type1,-,China,China: Liaoning,Public data,NA,NA,NA
GCA_052029105.1,88242.fasta,SAMN46412912,PRJNA1215594,2023,NA,2023,3,T1-2,type1,-,China,China: Liaoning,Public data,NA,NA,NA
GCA_052029115.1,88241.fasta,SAMN46412911,PRJNA1215594,2023,NA,2023,3,T1-2,type1,-,China,China: Liaoning,Public data,NA,NA,NA
GCA_052029125.1,88223.fasta,SAMN46412910,PRJNA1215594,2023,NA,2023,3,T1-2,type1,-,China,China: Hainan,Public data,NA,NA,NA
GCA_052029135.1,88205.fasta,SAMN46412909,PRJNA1215594,2023,NA,2023,3,T1-2,type1,-,China,China: Hainan,Public data,NA,NA,NA
GCA_052029145.1,88198.fasta,SAMN46412908,PRJNA1215594,2023,NA,2023,3,T1-2,type1,-,China,China: Hainan,Public data,NA,NA,NA
GCA_052030435.1,88194.fasta,SAMN46412907,PRJNA1215594,2023,NA,2023,3,T1-2,type1,-,China,China: Hainan,Public data,NA,NA,NA
GCA_052029155.1,88192.fasta,SAMN46412906,PRJNA1215594,2023,NA,2023,3,T1-2,type1,-,China,China: Hainan,Public data,NA,NA,NA
GCA_052029165.1,88190.fasta,SAMN46412905,PRJNA1215594,2023,NA,2023,3,T1-2,type1,-,China,China: Hainan,Public data,NA,NA,NA
GCA_052029175.1,88186.fasta,SAMN46412904,PRJNA1215594,2023,NA,2023,3,T1-2,type1,-,China,China: Hainan,Public data,NA,NA,NA
GCA_052029185.1,88184.fasta,SAMN46412903,PRJNA1215594,2023,NA,2023,3,T1-2,type1,-,China,China: Hainan,Public data,NA,NA,NA
GCA_052030445.1,88181.fasta,SAMN46412902,PRJNA1215594,2023,NA,2023,3,T1-2,type1,-,China,China: Hainan,Public data,NA,NA,NA
GCA_052029195.1,88103.fasta,SAMN46412901,PRJNA1215594,2023,NA,2023,3,T1-2,type1,-,China,China: Shandong,Public data,NA,NA,NA
GCA_052029205.1,88083.fasta,SAMN46412900,PRJNA1215594,2023,NA,2023,3,T1-2,type1,-,China,China: Shandong,Public data,NA,NA,NA
GCA_052029215.1,88076.fasta,SAMN46412899,PRJNA1215594,2023,NA,2023,3,T1-2,type1,-,China,China: Hainan,Public data,NA,NA,NA
GCA_052029225.1,88074.fasta,SAMN46412898,PRJNA1215594,2023,NA,2023,3,T1-2,type1,-,China,China: Hainan,Public data,NA,NA,NA
GCA_052029235.1,88071.fasta,SAMN46412897,PRJNA1215594,2023,NA,2023,3,T1-2,type1,-,China,China: Hainan,Public data,NA,NA,NA
GCA_052029245.1,88068.fasta,SAMN46412896,PRJNA1215594,2023,NA,2023,3,T1-2,type1,-,China,China: Hainan,Public data,NA,NA,NA
GCA_052029255.1,88067.fasta,SAMN46412895,PRJNA1215594,2023,NA,2023,14,T2-2,type2,-,China,China: Hainan,Public data,NA,NA,NA
GCA_052030455.1,88065.fasta,SAMN46412894,PRJNA1215594,2023,NA,2023,3,T1-2,type1,-,China,China: Hainan,Public data,NA,NA,NA
GCA_052029265.1,88059.fasta,SAMN46412893,PRJNA1215594,2023,NA,2023,3,T1-2,type1,-,China,China: Hainan,Public data,NA,NA,NA
GCA_052029275.1,88057.fasta,SAMN46412892,PRJNA1215594,2023,NA,2023,3,T1-2,type1,-,China,China: Hainan,Public data,NA,NA,NA
GCA_052029285.1,88053.fasta,SAMN46412891,PRJNA1215594,2023,NA,2023,3,T1-2,type1,-,China,China: Hainan,Public data,NA,NA,NA
GCA_052029295.1,88035.fasta,SAMN46412890,PRJNA1215594,2023,NA,2023,3,T1-2,type1,-,China,China: Hainan,Public data,NA,NA,NA
GCA_052029305.1,88034.fasta,SAMN46412889,PRJNA1215594,2023,NA,2023,3,T1-2,type1,-,China,China: Hainan,Public data,NA,NA,NA
GCA_052029315.1,88032.fasta,SAMN46412888,PRJNA1215594,2023,NA,2023,3,T1-2,type1,-,China,China: Hainan,Public data,NA,NA,NA
GCA_052029325.1,88029.fasta,SAMN46412887,PRJNA1215594,2023,NA,2023,3,T1-2,type1,-,China,China: Hainan,Public data,NA,NA,NA
GCA_052030465.1,88028.fasta,SAMN46412886,PRJNA1215594,2023,NA,2023,14,T2-2,type2,-,China,China: Hainan,Public data,NA,NA,NA
GCA_052029335.1,88026.fasta,SAMN46412885,PRJNA1215594,2023,NA,2023,3,T1-2,type1,-,China,China: Hainan,Public data,NA,NA,NA
GCA_052029345.1,87988.fasta,SAMN46412884,PRJNA1215594,2023,NA,2023,3,T1-2,type1,-,China,China: Hainan,Public data,NA,NA,NA
GCA_052030475.1,87986.fasta,SAMN46412883,PRJNA1215594,2023,NA,2023,3,T1-2,type1,-,China,China: Hainan,Public data,NA,NA,NA
GCA_052029355.1,87977.fasta,SAMN46412882,PRJNA1215594,2023,NA,2023,3,T1-2,type1,-,China,China: Henan,Public data,NA,NA,NA
GCA_052029365.1,87976.fasta,SAMN46412881,PRJNA1215594,2023,NA,2023,3,T1-2,type1,-,China,China: Henan,Public data,NA,NA,NA
GCA_052029375.1,87975.fasta,SAMN46412880,PRJNA1215594,2023,NA,2023,3,T1-2,type1,-,China,China: Henan,Public data,NA,NA,NA
GCA_052029385.1,87971.fasta,SAMN46412879,PRJNA1215594,2023,NA,2023,3,T1-2,type1,-,China,China: Henan,Public data,NA,NA,NA
GCA_052029395.1,87961.fasta,SAMN46412878,PRJNA1215594,2023,NA,2023,3,T1-2,type1,-,China,China: Henan,Public data,NA,NA,NA
GCA_052029405.1,87958.fasta,SAMN46412877,PRJNA1215594,2023,NA,2023,3,T1-2,type1,-,China,China: Henan,Public data,NA,NA,NA
GCA_052029415.1,87956.fasta,SAMN46412876,PRJNA1215594,2023,NA,2023,3,T1-2,type1,-,China,China: Henan,Public data,NA,NA,NA
GCA_052029425.1,87951.fasta,SAMN46412875,PRJNA1215594,2023,NA,2023,14,T2-2,type2,-,China,China: Henan,Public data,NA,NA,NA
GCA_052029435.1,87943.fasta,SAMN46412874,PRJNA1215594,2023,NA,2023,3,T1-2,type1,-,China,China: Henan,Public data,NA,NA,NA
GCA_052029445.1,87938.fasta,SAMN46412873,PRJNA1215594,2023,NA,2023,3,T1-2,type1,-,China,China: Henan,Public data,NA,NA,NA
GCA_052029455.1,87937.fasta,SAMN46412872,PRJNA1215594,2023,NA,2023,3,T1-2,type1,-,China,China: Henan,Public data,NA,NA,NA
GCA_052029465.1,87933.fasta,SAMN46412871,PRJNA1215594,2023,NA,2023,3,T1-2,type1,-,China,China: Henan,Public data,NA,NA,NA
GCA_052030485.1,87929.fasta,SAMN46412870,PRJNA1215594,2023,NA,2023,14,T2-2,type2,-,China,China: Henan,Public data,NA,NA,NA
GCA_052029475.1,87916.fasta,SAMN46412869,PRJNA1215594,2023,NA,2023,3,T1-2,type1,-,China,China: Anhui,Public data,NA,NA,NA
GCA_052030495.1,87908.fasta,SAMN46412868,PRJNA1215594,2023,NA,2023,14,T2-2,type2,-,China,China: Anhui,Public data,NA,NA,NA
GCA_052029485.1,87874.fasta,SAMN46412867,PRJNA1215594,2023,NA,2023,3,T1-2,type1,-,China,China: Chongqing,Public data,NA,NA,NA
GCA_052030505.1,87873.fasta,SAMN46412866,PRJNA1215594,2023,NA,2023,3,T1-2,type1,-,China,China: Chongqing,Public data,NA,NA,NA
GCA_052029515.1,87870.fasta,SAMN46412865,PRJNA1215594,2023,NA,2023,3,T1-2,type1,-,China,China: Chongqing,Public data,NA,NA,NA
GCA_052030515.1,87814.fasta,SAMN46412864,PRJNA1215594,2023,NA,2023,3,T1-2,type1,-,China,China: Chongqing,Public data,NA,NA,NA
GCA_052029525.1,87813.fasta,SAMN46412863,PRJNA1215594,2023,NA,2023,17,T1-3,type1,-,China,China: Chongqing,Public data,NA,NA,NA
GCA_052029535.1,87812.fasta,SAMN46412862,PRJNA1215594,2023,NA,2023,3,T1-2,type1,-,China,China: Chongqing,Public data,NA,NA,NA
GCA_052029545.1,87811.fasta,SAMN46412861,PRJNA1215594,2023,NA,2023,3,T1-2,type1,-,China,China: Chongqing,Public data,NA,NA,NA
GCA_052029555.1,87768.fasta,SAMN46412860,PRJNA1215594,2023,NA,2023,3,T1-2,type1,-,China,China: Shandong,Public data,NA,NA,NA
GCA_052030525.1,87766.fasta,SAMN46412859,PRJNA1215594,2023,NA,2023,14,T2-2,type2,-,China,China: Shandong,Public data,NA,NA,NA
GCA_052030535.1,87765.fasta,SAMN46412858,PRJNA1215594,2023,NA,2023,14,T2-2,type2,-,China,China: Shandong,Public data,NA,NA,NA
GCA_052029565.1,87761.fasta,SAMN46412857,PRJNA1215594,2023,NA,2023,3,T1-2,type1,-,China,China: Shandong,Public data,NA,NA,NA
GCA_052029575.1,87758.fasta,SAMN46412856,PRJNA1215594,2023,NA,2023,3,T1-2,type1,-,China,China: Shandong,Public data,NA,NA,NA
GCA_052030675.1,87756.fasta,SAMN46412855,PRJNA1215594,2023,NA,2023,3,T1-2,type1,-,China,China: Shandong,Public data,NA,NA,NA
GCA_052029585.1,87754.fasta,SAMN46412854,PRJNA1215594,2023,NA,2023,3,T1-2,type1,-,China,China: Shandong,Public data,NA,NA,NA
GCA_052031245.1,87750.fasta,SAMN46412853,PRJNA1215594,2023,NA,2023,14,T2-2,type2,-,China,China: Shandong,Public data,NA,NA,NA
GCA_052029595.1,87747.fasta,SAMN46412852,PRJNA1215594,2023,NA,2023,3,T1-2,type1,-,China,China: Shandong,Public data,NA,NA,NA
GCA_052029605.1,87679.fasta,SAMN46412851,PRJNA1215594,2023,NA,2023,3,T1-2,type1,-,China,China: Fujian,Public data,NA,NA,NA
GCA_052031655.1,87677.fasta,SAMN46412850,PRJNA1215594,2023,NA,2023,3,T1-2,type1,-,China,China: Fujian,Public data,NA,NA,NA
GCA_052032115.1,87676.fasta,SAMN46412849,PRJNA1215594,2023,NA,2023,3,T1-2,type1,-,China,China: Fujian,Public data,NA,NA,NA
GCA_052032565.1,87674.fasta,SAMN46412848,PRJNA1215594,2023,NA,2023,3,T1-2,type1,-,China,China: Fujian,Public data,NA,NA,NA
GCA_052033165.1,87673.fasta,SAMN46412847,PRJNA1215594,2023,NA,2023,3,T1-2,type1,-,China,China: Fujian,Public data,NA,NA,NA
GCA_052029615.1,87672.fasta,SAMN46412846,PRJNA1215594,2023,NA,2023,3,T1-2,type1,-,China,China: Fujian,Public data,NA,NA,NA
GCA_052033605.1,87671.fasta,SAMN46412845,PRJNA1215594,2023,NA,2023,3,T1-2,type1,-,China,China: Fujian,Public data,NA,NA,NA
GCA_052029625.1,87668.fasta,SAMN46412844,PRJNA1215594,2023,NA,2023,3,T1-2,type1,-,China,China: Fujian,Public data,NA,NA,NA
GCA_052029655.1,87667.fasta,SAMN46412843,PRJNA1215594,2023,NA,2023,3,T1-2,type1,-,China,China: Fujian,Public data,NA,NA,NA
GCA_052029665.1,87666.fasta,SAMN46412842,PRJNA1215594,2023,NA,2023,3,T1-2,type1,-,China,China: Fujian,Public data,NA,NA,NA
GCA_052034045.1,87665.fasta,SAMN46412841,PRJNA1215594,2023,NA,2023,3,T1-2,type1,-,China,China: Fujian,Public data,NA,NA,NA
GCA_052029675.1,87664.fasta,SAMN46412840,PRJNA1215594,2023,NA,2023,3,T1-2,type1,-,China,China: Fujian,Public data,NA,NA,NA
GCA_052034215.1,87663.fasta,SAMN46412839,PRJNA1215594,2023,NA,2023,3,T1-2,type1,-,China,China: Fujian,Public data,NA,NA,NA
GCA_052029685.1,87662.fasta,SAMN46412838,PRJNA1215594,2023,NA,2023,3,T1-2,type1,-,China,China: Fujian,Public data,NA,NA,NA
GCA_052029695.1,87660.fasta,SAMN46412837,PRJNA1215594,2023,NA,2023,3,T1-2,type1,-,China,China: Fujian,Public data,NA,NA,NA
GCA_052034435.1,87659.fasta,SAMN46412836,PRJNA1215594,2023,NA,2023,3,T1-2,type1,-,China,China: Fujian,Public data,NA,NA,NA
GCA_052034815.1,87657.fasta,SAMN46412835,PRJNA1215594,2023,NA,2023,3,T1-2,type1,-,China,China: Fujian,Public data,NA,NA,NA
GCA_052035365.1,87639.fasta,SAMN46412834,PRJNA1215594,2023,NA,2023,3,T1-2,type1,-,China,China: Chongqing,Public data,NA,NA,NA
GCA_052035815.1,87624.fasta,SAMN46412833,PRJNA1215594,2023,NA,2023,3,T1-2,type1,-,China,China: Chongqing,Public data,NA,NA,NA
GCA_052036275.1,87615.fasta,SAMN46412832,PRJNA1215594,2023,NA,2023,14,T2-2,type2,-,China,China: Chongqing,Public data,NA,NA,NA
GCA_052029705.1,87612.fasta,SAMN46412831,PRJNA1215594,2023,NA,2023,3,T1-2,type1,-,China,China: Chongqing,Public data,NA,NA,NA
GCA_052029715.1,87458.fasta,SAMN46412830,PRJNA1215594,2023,NA,2023,3,T1-2,type1,-,China,China: Fujian,Public data,NA,NA,NA
GCA_052029725.1,87457.fasta,SAMN46412829,PRJNA1215594,2023,NA,2023,3,T1-2,type1,-,China,China: Fujian,Public data,NA,NA,NA
GCA_052029735.1,87454.fasta,SAMN46412828,PRJNA1215594,2023,NA,2023,3,T1-2,type1,-,China,China: Fujian,Public data,NA,NA,NA
GCA_052029745.1,87452.fasta,SAMN46412827,PRJNA1215594,2023,NA,2023,3,T1-2,type1,-,China,China: Fujian,Public data,NA,NA,NA
GCA_052029755.1,87447.fasta,SAMN46412826,PRJNA1215594,2023,NA,2023,3,T1-2,type1,-,China,China: Fujian,Public data,NA,NA,NA
GCA_052036745.1,87446.fasta,SAMN46412825,PRJNA1215594,2023,NA,2023,3,T1-2,type1,-,China,China: Fujian,Public data,NA,NA,NA
GCA_052029765.1,87445.fasta,SAMN46412824,PRJNA1215594,2023,NA,2023,3,T1-2,type1,-,China,China: Fujian,Public data,NA,NA,NA
GCA_052037275.1,87439.fasta,SAMN46412823,PRJNA1215594,2023,NA,2023,14,T2-2,type2,-,China,China: Fujian,Public data,NA,NA,NA
GCA_052037585.1,87434.fasta,SAMN46412822,PRJNA1215594,2023,NA,2023,3,T1-2,type1,-,China,China: Fujian,Public data,NA,NA,NA
GCA_052029775.1,87429.fasta,SAMN46412821,PRJNA1215594,2023,NA,2023,3,T1-2,type1,-,China,China: Fujian,Public data,NA,NA,NA
GCA_052037955.1,87428.fasta,SAMN46412820,PRJNA1215594,2023,NA,2023,3,T1-2,type1,-,China,China: Fujian,Public data,NA,NA,NA
GCA_052038105.1,87382.fasta,SAMN46412819,PRJNA1215594,2023,NA,2023,3,T1-2,type1,-,China,China: Chongqing,Public data,NA,NA,NA
GCA_052029785.1,87378.fasta,SAMN46412818,PRJNA1215594,2023,NA,2023,3,T1-2,type1,-,China,China: Chongqing,Public data,NA,NA,NA
GCA_052038375.1,87375.fasta,SAMN46412817,PRJNA1215594,2023,NA,2023,-,T2-1,type2,-,China,China: Chongqing,Public data,NA,NA,NA
GCA_052038455.1,87373.fasta,SAMN46412816,PRJNA1215594,2023,NA,2023,-,T2-1,type2,-,China,China: Chongqing,Public data,NA,NA,NA
GCA_052029795.1,87347.fasta,SAMN46412815,PRJNA1215594,2023,NA,2023,3,T1-2,type1,-,China,China: Beijing,Public data,NA,NA,NA
GCA_052038445.1,87344.fasta,SAMN46412814,PRJNA1215594,2023,NA,2023,14,T2-2,type2,-,China,China: Beijing,Public data,NA,NA,NA
GCA_052029805.1,87341.fasta,SAMN46412813,PRJNA1215594,2023,NA,2023,3,T1-2,type1,-,China,China: Beijing,Public data,NA,NA,NA
GCA_052029815.1,87340.fasta,SAMN46412812,PRJNA1215594,2023,NA,2023,3,T1-2,type1,-,China,China: Beijing,Public data,NA,NA,NA
GCA_052038865.1,87336.fasta,SAMN46412811,PRJNA1215594,2023,NA,2023,14,T2-2,type2,-,China,China: Beijing,Public data,NA,NA,NA
GCA_052029825.1,87335.fasta,SAMN46412810,PRJNA1215594,2023,NA,2023,3,T1-2,type1,-,China,China: Beijing,Public data,NA,NA,NA
GCA_052038895.1,87334.fasta,SAMN46412809,PRJNA1215594,2023,NA,2023,-,T2-1,type2,-,China,China: Beijing,Public data,NA,NA,NA
GCA_052029835.1,87329.fasta,SAMN46412808,PRJNA1215594,2023,NA,2023,3,T1-2,type1,-,China,China: Beijing,Public data,NA,NA,NA
GCA_052029845.1,87326.fasta,SAMN46412807,PRJNA1215594,2023,NA,2023,3,T1-2,type1,-,China,China: Beijing,Public data,NA,NA,NA
GCA_052029855.1,87325.fasta,SAMN46412806,PRJNA1215594,2023,NA,2023,3,T1-2,type1,-,China,China: Beijing,Public data,NA,NA,NA
GCA_052029865.1,87324.fasta,SAMN46412805,PRJNA1215594,2023,NA,2023,3,T1-2,type1,-,China,China: Beijing,Public data,NA,NA,NA
GCA_052029875.1,87323.fasta,SAMN46412804,PRJNA1215594,2023,NA,2023,3,T1-2,type1,-,China,China: Beijing,Public data,NA,NA,NA
GCA_052029885.1,87320.fasta,SAMN46412803,PRJNA1215594,2023,NA,2023,17,T1-3,type1,-,China,China: Beijing,Public data,NA,NA,NA
GCA_052029895.1,87315.fasta,SAMN46412802,PRJNA1215594,2023,NA,2023,3,T1-2,type1,-,China,China: Beijing,Public data,NA,NA,NA
GCA_052029905.1,87314.fasta,SAMN46412801,PRJNA1215594,2023,NA,2023,3,T1-2,type1,-,China,China: Beijing,Public data,NA,NA,NA
GCA_052038955.1,87313.fasta,SAMN46412800,PRJNA1215594,2023,NA,2023,3,T1-2,type1,-,China,China: Beijing,Public data,NA,NA,NA
GCA_052029915.1,87311.fasta,SAMN46412799,PRJNA1215594,2023,NA,2023,3,T1-2,type1,-,China,China: Beijing,Public data,NA,NA,NA
GCA_052029925.1,87310.fasta,SAMN46412798,PRJNA1215594,2023,NA,2023,3,T1-2,type1,-,China,China: Beijing,Public data,NA,NA,NA
GCA_052038925.1,87309.fasta,SAMN46412797,PRJNA1215594,2023,NA,2023,3,T1-2,type1,-,China,China: Beijing,Public data,NA,NA,NA
GCA_052039205.1,87233.fasta,SAMN46412796,PRJNA1215594,2023,NA,2023,14,T2-2,type2,-,China,China: Beijing,Public data,NA,NA,NA
GCA_040256845.1,M129,SAMN41393999,PRJNA1111492,2023,12,2023,3,T1-2,type1,-,China,Russia: Moscow region,Public data,NA,NA,NA
GCA_041931565.1,RU-CSP-A,,,2024,NA,< 2010,20,T1-2,type1,-,China,Russia:Moscow,Public data,NA,NA,NA
GCA_041931755.1,RU-CSP-B,SAMN43505898,PRJNA1157041,2024,NA,< 2010,3,T1-2,type1,-,China,Russia:Moscow,Public data,NA,NA,NA
GCA_041931765.1,RU-CSP-11,SAMN43505896,PRJNA1157041,2024,NA,< 2010,3,T1-2,type1,-,China,Russia:Moscow,Public data,NA,NA,NA
GCA_050311895.1,NCH MPN 2025_5,SAMN48337020,PRJNA1258943,2024,10,2024 Oct,20,T1-2,type1,-,USA,USA:Ohio,Public data,NA,NA,NA
GCA_050311935.1,MPN NCH 2025_6,SAMN48337083,PRJNA1258951,2024,10,2024 Oct,20,T1-2,type1,-,USA,USA:Ohio,Public data,NA,NA,NA
GCA_053520865.1,PINBNJ2024344,SAMN46908810,PRJNA1225903,2024,NA,< 2010,14,T2-2,type2,-,China,China:Nanjing,Public data,NA,NA,NA
GCA_053520915.1,PINBNJ2024351,SAMN46908811,PRJNA1225903,2024,NA,< 2010,3,T1-2,type1,-,China,China:Nanjing,Public data,NA,NA,NA
GCA_053520945.1,PINBNJ2024342,SAMN46908808,PRJNA1225903,2024,NA,< 2010,3,T1-2,type1,-,China,China:Nanjing,Public data,NA,NA,NA
GCA_053520965.1,PINBNJ2024313,SAMN46908807,PRJNA1225903,2024,NA,< 2010,3,T1-2,type1,-,China,China:Nanjing,Public data,NA,NA,NA
GCA_053520985.1,PINBNJ2024311,SAMN46908806,PRJNA1225903,2024,NA,< 2010,3,T1-2,type1,-,China,China:Nanjing,Public data,NA,NA,NA
GCA_053521005.1,PINBNJ2024308,SAMN46908805,PRJNA1225903,2024,NA,< 2010,3,T1-2,type1,-,China,China:Nanjing,Public data,NA,NA,NA
GCA_053521025.1,PINBNJ2024304,SAMN46908804,PRJNA1225903,2024,NA,< 2010,3,T1-2,type1,-,China,China:Nanjing,Public data,NA,NA,NA
GCA_053521045.1,PINBNJ2024302,SAMN46908803,PRJNA1225903,2024,NA,< 2010,3,T1-2,type1,-,China,China:Nanjing,Public data,NA,NA,NA
GCA_053521065.1,PINBNJ2024301,SAMN46908802,PRJNA1225903,2024,NA,< 2010,3,T1-2,type1,-,China,China:Nanjing,Public data,NA,NA,NA
GCA_053521085.1,NJMP202321,SAMN46908801,PRJNA1225903,2023,NA,2023,3,T1-2,type1,-,China,China:Nanjing,Public data,NA,NA,NA
GCA_053521105.1,NJMP202319,SAMN46908800,PRJNA1225903,2023,NA,2023,14,T2-2,type2,-,China,China:Nanjing,Public data,NA,NA,NA
GCA_053521125.1,NJMP202318,SAMN46908799,PRJNA1225903,2023,NA,2023,3,T1-2,type1,-,China,China:Nanjing,Public data,NA,NA,NA
GCA_053521145.1,NJMP202317,SAMN46908798,PRJNA1225903,2023,NA,2023,3,T1-2,type1,-,China,China:Nanjing,Public data,NA,NA,NA
GCA_053521165.1,NJMP202316,SAMN46908797,PRJNA1225903,2023,NA,2023,3,T1-2,type1,-,China,China:Nanjing,Public data,NA,NA,NA
GCA_053521185.1,NJMP202314,SAMN46908795,PRJNA1225903,2023,NA,2023,3,T1-2,type1,-,China,China:Nanjing,Public data,NA,NA,NA
GCA_053521205.1,NJMP202315,SAMN46908796,PRJNA1225903,2023,NA,2023,3,T1-2,type1,-,China,China:Nanjing,Public data,NA,NA,NA
GCA_053521225.1,NJMP202313,SAMN46908794,PRJNA1225903,2023,NA,2023,3,T1-2,type1,-,China,China:Nanjing,Public data,NA,NA,NA
GCA_053521245.1,NJMP202312,SAMN46908793,PRJNA1225903,2023,NA,2023,3,T1-2,type1,-,China,China:Nanjing,Public data,NA,NA,NA
GCA_053521265.1,NJMP202311,SAMN46908792,PRJNA1225903,2023,NA,2023,-,T2-2,type2,-,China,China:Nanjing,Public data,NA,NA,NA
GCA_053521285.1,NJMP202310,SAMN46908791,PRJNA1225903,2023,NA,2023,3,T1-2,type1,-,China,China:Nanjing,Public data,NA,NA,NA
GCA_053521305.1,NJMP202303,SAMN46908789,PRJNA1225903,2023,NA,2023,3,T1-2,type1,-,China,China:Nanjing,Public data,NA,NA,NA
GCA_053521325.1,NJMP202306,SAMN46908790,PRJNA1225903,2023,NA,2023,3,T1-2,type1,-,China,China:Nanjing,Public data,NA,NA,NA
Reference,M129; ATCC 29342,,NA,1968,NA,< 2010,1,T1-1,type1,-,USA,USA,Public data,NA,NA,NA
MP_KH63,MP_KH63,SAMN50033712? ? MP_KH63? ? MP_KH63? ? Mycoplasmoides pneumoniae? ? 2104? ? 3-MP_KH63? ? not collected? ?,NA,2024,11,2024 Oct,3,T1-2,type1,A2063G,Taiwan,Taiwan,This study,subclade_post_d,1,1
mp171csf,mp171csf,SAMN51193535,NA,2024,7,2024 Jul,3,T1-2,type1,A2063G,Taiwan,Taiwan,This study,subclade_post_a,1,1
mp195TH,mp195TH,SAMN51193536,NA,2024,7,2024 Jul,3,T1-2,type1,A2063G,Taiwan,Taiwan,This study,subclade_post_a,1,1
WGS_MP-77,WGS_MP-77,SAMN47738274,NA,2024,4,2024 Apr,3,T1-2,type1,A2063G,Taiwan,Taiwan,This study,subclade_pre,1,1
407-07,407-07,SAMN17804511,NA,2019,NA,2019,3,T1-2,type1,A2063G,Taiwan,Taiwan,This study,subclade_pre,1,0
WGS_MP106,WGS_MP106,SAMN47738227,NA,2024,6,2024 Jul,3,T1-2,type1,A2063G,Taiwan,Taiwan,This study,subclade_post_b,1,0
WGS_MP133,WGS_MP133,SAMN47738234,NA,2024,8,2024 Jul,3,T1-2,type1,A2063G,Taiwan,Taiwan,This study,subclade_post_b,1,0
WGS_MP-KH29,WGS_MP-KH29,SAMN47738217,NA,2024,8,2024 Jul,3,T1-2,type1,A2063G,Taiwan,Taiwan,This study,subclade_post_c,1,0
WGS_MP-KH5,WGS_MP-KH5,SAMN47738199,NA,2024,6,2024 Jul,14,T2-2,type2,A2063G,Taiwan,Taiwan,This study,other STs,1,0
MP143TH,MP143TH,SAMN50033715? ? MP143TH? ? MP143TH? ? Mycoplasmoides pneumoniae? ? 2104? ? 3-MP143TH? ? not collected? ?,NA,2024,9,2024 Oct,3,T1-2,type1,A2063G,Taiwan,Taiwan,This study,subclade_post_d,1,0
MP_KH9,MP_KH9,SAMN50033709? ? MP_KH9? ? MP_KH9? ? Mycoplasmoides pneumoniae? ? 2104? ? 3-MP_KH9? ? not collected? ?,NA,2024,6,2024 Jul,3,T1-2,type1,A2063G,Taiwan,Taiwan,This study,subclade_post_b,1,0
MP_KH41,MP_KH41,SAMN50033710? ? MP_KH41? ? MP_KH41? ? Mycoplasmoides pneumoniae? ? 2104? ? 3-MP_KH41? ? not collected? ?,NA,2024,10,2024 Oct,3,T1-2,type1,A2063G,Taiwan,Taiwan,This study,subclade_post_a,1,0
MP129-CSF,MP129-CSF,SAMN48824228,NA,2024,8,2024 Jul,3,T1-2,type1,A2063G,Taiwan,Taiwan,This study,subclade_post_c,0,1
WGS_MP131-CSF,WGS_MP131-CSF,SAMN47738233,NA,2024,8,2024 Jul,3,T1-2,type1,A2063G,Taiwan,Taiwan,This study,subclade_post_b,0,1
MP154-TH,MP154-TH,SAMN48824230,NA,2024,11,2024 Oct,3,T1-2,type1,A2063G,Taiwan,Taiwan,This study,subclade_post_d,0,1
mp166csf,mp166csf,SAMN51193534,NA,2024,12,2024 Oct,3,T1-2,type1,A2063G,Taiwan,Taiwan,This study,subclade_post_a,0,1
WGS_MP-KH3,WGS_MP-KH3,SAMN47738197,NA,2024,6,2024 Jul,14,T2-2,type2,A2063G,Taiwan,Taiwan,This study,other STs,0,0
MP159-PL,MP159-PL,SAMN48824231,NA,2024,11,2024 Oct,3,T1-2,type1,A2063G,Taiwan,Taiwan,This study,subclade_post_d,0,0
625,625,SAMN17804451,NA,2019,NA,2019,3,T1-2,type1,A2063G,Taiwan,Taiwan,This study,other ST3,0,0
627,627,SAMN17804452,NA,2019,NA,2019,3,T1-2,type1,A2063G,Taiwan,Taiwan,This study,other ST3,0,0
630,630,SAMN17804453,NA,2019,NA,2019,3,T1-2,type1,A2063G,Taiwan,Taiwan,This study,other ST3,0,0
633,633,SAMN17804454,NA,2019,NA,2019,3,T1-2,type1,A2063G,Taiwan,Taiwan,This study,subclade_pre,0,0
637,637,SAMN17804455,NA,2019,NA,2019,3,T1-2,type1,A2063G,Taiwan,Taiwan,This study,subclade_pre,0,0
639,639,SAMN17804456,NA,2019,NA,2019,3,T1-2,type1,A2063G,Taiwan,Taiwan,This study,subclade_pre,0,0
663,663,SAMN17804457,NA,2019,NA,2019,3,T1-2,type1,A2063G,Taiwan,Taiwan,This study,subclade_pre,0,0
673,673,SAMN17804458,NA,2019,NA,2019,17,T1-3,type1,A2063G,Taiwan,Taiwan,This study,other STs,0,0
676,676,SAMN17804459,NA,2020,NA,2020,17,T1-3,type1,A2063G,Taiwan,Taiwan,This study,other STs,0,0
677,677,SAMN17804460,NA,2020,NA,2020,3,T1-2,type1,A2063G,Taiwan,Taiwan,This study,other ST3,0,0
006-210,006-210,SAMN17804461,NA,2018,NA,< 2019,17,T1-3,type1,A2063G,Taiwan,Taiwan,This study,other STs,0,0
006-213,006-213,SAMN17804462,NA,2018,NA,< 2019,3,T1-2,type1,A2063G,Taiwan,Taiwan,This study,other ST3,0,0
006-226,006-226,SAMN17804463,NA,2018,NA,< 2019,17,T1-3,type1,A2063G,Taiwan,Taiwan,This study,other STs,0,0
006-227,006-227,SAMN17804464,NA,2018,NA,< 2019,17,T1-3,type1,A2063G,Taiwan,Taiwan,This study,other STs,0,0
006-252,006-252,SAMN17804465,NA,2018,NA,< 2019,17,T1-3,type1,A2063G,Taiwan,Taiwan,This study,other STs,0,0
268,268,SAMN17804466,NA,2018,NA,< 2019,14,T2-2,type2,S,Taiwan,Taiwan,This study,other STs,0,0
006-312,006-312,SAMN17804467,NA,2018,NA,< 2019,3,T1-2,type1,A2063G,Taiwan,Taiwan,This study,subclade_pre,0,0
006-324,006-324,SAMN17804468,NA,2018,NA,< 2019,3,T1-2,type1,A2063G,Taiwan,Taiwan,This study,subclade_pre,0,0
326,326,SAMN17804469,NA,2018,NA,< 2019,17,T1-3,type1,A2063G,Taiwan,Taiwan,This study,other STs,0,0
337,337,SAMN17804470,NA,2019,NA,2019,17,T1-3,type1,A2063T,Taiwan,Taiwan,This study,other STs,0,0
006-342,006-342,SAMN17804471,NA,2019,NA,2019,3,T1-2,type1,A2063G,Taiwan,Taiwan,This study,subclade_pre,0,0
006-345,006-345,SAMN17804472,NA,2019,NA,2019,2,T2-1,type2,S,Taiwan,Taiwan,This study,other STs,0,0
006-350,006-350,SAMN17804473,NA,2019,NA,2019,17,T1-3,type1,A2063G,Taiwan,Taiwan,This study,other STs,0,0
006-352,006-352,SAMN17804474,NA,2019,NA,2019,17,T1-3,type1,S,Taiwan,Taiwan,This study,other STs,0,0
006-356,006-356,SAMN17804475,NA,2019,NA,2019,3,T1-2,type1,A2063G,Taiwan,Taiwan,This study,subclade_pre,0,0
361,361,SAMN17804476,NA,2019,NA,2019,3,T1-2,type1,A2063G,Taiwan,Taiwan,This study,subclade_pre,0,0
006-370,006-370,SAMN17804477,NA,2019,NA,2019,3,T1-2,type1,A2063G,Taiwan,Taiwan,This study,other ST3,0,0
380,380,SAMN17804478,NA,2019,NA,2019,14,T2-2,type2,S,Taiwan,Taiwan,This study,other STs,0,0
006-390,006-390,SAMN17804479,NA,2019,NA,2019,3,T1-2,type1,A2063G,Taiwan,Taiwan,This study,subclade_pre,0,0
006-391,006-391,SAMN17804480,NA,2019,NA,2019,3,T1-2,type1,A2063G,Taiwan,Taiwan,This study,subclade_pre,0,0
006-400,006-400,SAMN17804481,NA,2019,NA,2019,3,T1-2,type1,A2063G,Taiwan,Taiwan,This study,subclade_pre,0,0
006-411,006-411,SAMN17804482,NA,2019,NA,2019,3,T1-2,type1,A2063G,Taiwan,Taiwan,This study,subclade_pre,0,0
006-414,006-414,SAMN17804483,NA,2019,NA,2019,3,T1-2,type1,A2063G,Taiwan,Taiwan,This study,other ST3,0,0
425,425,SAMN17804484,NA,2019,NA,2019,3,T1-2,type1,A2063G,Taiwan,Taiwan,This study,other ST3,0,0
006-426,006-426,SAMN17804485,NA,2019,NA,2019,17,T1-3,type1,A2063G,Taiwan,Taiwan,This study,other STs,0,0
006-428,006-428,SAMN17804486,NA,2019,NA,2019,17,T1-3,type1,A2063T,Taiwan,Taiwan,This study,other STs,0,0
403-06,403-06,SAMN17804487,NA,2019,NA,2019,14,T2-2,type2,A2063G,Taiwan,Taiwan,This study,other STs,0,0
403-09,403-09,SAMN17804488,NA,2019,NA,2019,3,T1-2,type1,A2063G,Taiwan,Taiwan,This study,other ST3,0,0
403-10,403-10,SAMN17804489,NA,2019,NA,2019,3,T1-2,type1,A2063G,Taiwan,Taiwan,This study,other ST3,0,0
403103,403103,SAMN17804508,NA,2020,NA,2020,3,T1-2,type1,A2063G,Taiwan,Taiwan,This study,subclade_pre,0,0
403104,403104,SAMN17804509,NA,2020,NA,2020,3,T1-2,type1,A2063G,Taiwan,Taiwan,This study,subclade_pre,0,0
40311,40311,SAMN17804490,NA,2019,NA,2019,3,T1-2,type1,A2063G,Taiwan,Taiwan,This study,subclade_pre,0,0
403-111,403-111,SAMN17804510,NA,2020,NA,2020,3,T1-2,type1,A2063G,Taiwan,Taiwan,This study,subclade_pre,0,0
403-12,403-12,SAMN17804491,NA,2019,NA,2019,3,T1-2,type1,A2063G,Taiwan,Taiwan,This study,subclade_pre,0,0
403-19,403-19,SAMN17804492,NA,2019,NA,2019,17,T1-3,type1,A2063G,Taiwan,Taiwan,This study,other STs,0,0
403-24,403-24,SAMN17804493,NA,2019,NA,2019,17,T1-3,type1,A2063G,Taiwan,Taiwan,This study,other STs,0,0
40326,40326,SAMN17804494,NA,2019,NA,2019,14,T2-2,type2,S,Taiwan,Taiwan,This study,other STs,0,0
403-31,403-31,SAMN17804495,NA,2019,NA,2019,3,T1-2,type1,A2063G,Taiwan,Taiwan,This study,other ST3,0,0
403-036,403-036,SAMN17804496,NA,2019,NA,2019,17,T1-3,type1,A2063G,Taiwan,Taiwan,This study,other STs,0,0
403-50,403-50,SAMN17804497,NA,2019,NA,2019,3,T1-2,type1,A2063G,Taiwan,Taiwan,This study,other ST3,0,0
403-56,403-56,SAMN17804498,NA,2019,NA,2019,3,T1-2,type1,A2063G,Taiwan,Taiwan,This study,other ST3,0,0
403-61,403-61,SAMN17804499,NA,2019,NA,2019,3,T1-2,type1,A2063G,Taiwan,Taiwan,This study,other ST3,0,0
403-65,403-65,SAMN17804500,NA,2019,NA,2019,17,T1-3,type1,A2063T,Taiwan,Taiwan,This study,other STs,0,0
40372,40372,SAMN17804501,NA,2019,NA,2019,17,T1-3,type1,A2063G,Taiwan,Taiwan,This study,other STs,0,0
403-74,403-74,SAMN17804502,NA,2019,NA,2019,3,T1-2,type1,A2063G,Taiwan,Taiwan,This study,subclade_pre,0,0
403-083,403-083,SAMN17804503,NA,2019,NA,2019,3,T1-2,type1,A2063G,Taiwan,Taiwan,This study,other ST3,0,0
403-085,403-085,SAMN17804504,NA,2019,NA,2019,3,T1-2,type1,A2063G,Taiwan,Taiwan,This study,other ST3,0,0
403-087,403-087,SAMN17804505,NA,2020,NA,2020,17,T1-3,type1,A2063T,Taiwan,Taiwan,This study,other STs,0,0
40388,40388,SAMN17804506,NA,2020,NA,2020,14,T2-2,type2,A2063G,Taiwan,Taiwan,This study,other STs,0,0
40395,40395,SAMN17804507,NA,2020,NA,2020,17,T1-3,type1,A2063T,Taiwan,Taiwan,This study,other STs,0,0
40712,40712,SAMN17804512,NA,2019,NA,2019,17,T1-3,type1,A2063T,Taiwan,Taiwan,This study,other STs,0,0
407-14,407-14,SAMN17804514,NA,2019,NA,2019,3,T1-2,type1,A2063G,Taiwan,Taiwan,This study,other ST3,0,0
40721,40721,SAMN17804515,NA,2019,NA,2019,3,T1-2,type1,A2063G,Taiwan,Taiwan,This study,subclade_pre,0,0
407-24,407-24,SAMN17804516,NA,2019,NA,2019,17,T1-3,type1,A2063T,Taiwan,Taiwan,This study,other STs,0,0
40727,40727,SAMN17804517,NA,2019,NA,2019,17,T1-3,type1,S,Taiwan,Taiwan,This study,other STs,0,0
407-28,407-28,SAMN17804518,NA,2019,NA,2019,3,T1-2,type1,A2063G,Taiwan,Taiwan,This study,other ST3,0,0
407-29,407-29,SAMN17804519,NA,2019,NA,2019,3,T1-2,type1,A2063G,Taiwan,Taiwan,This study,other ST3,0,0
407-033,407-033,SAMN17804520,NA,2019,NA,2019,3,T1-2,type1,A2063G,Taiwan,Taiwan,This study,other ST3,0,0
407-037,407-037,SAMN17804521,NA,2019,NA,2019,17,T1-3,type1,A2063T,Taiwan,Taiwan,This study,other STs,0,0
K01,K01,SAMN17804522,NA,2019,NA,2019,3,T1-2,type1,A2063G,Taiwan,Taiwan,This study,other ST3,0,0
K04,K04,SAMN17804523,NA,2019,NA,2019,3,T1-2,type1,A2063G,Taiwan,Taiwan,This study,other ST3,0,0
K06,K06,SAMN17804524,NA,2019,NA,2019,3,T1-2,type1,A2063G,Taiwan,Taiwan,This study,other ST3,0,0
K08,K08,SAMN17804525,NA,2019,NA,2019,3,T1-2,type1,A2063G,Taiwan,Taiwan,This study,other ST3,0,0
K25,K25,SAMN17804526,NA,2019,NA,2019,3,T1-2,type1,A2063G,Taiwan,Taiwan,This study,other ST3,0,0
K32,K32,SAMN17804527,NA,2019,NA,2019,3,T1-2,type1,A2063G,Taiwan,Taiwan,This study,other ST3,0,0
WGS_mp01,WGS_mp01,SAMN47738225,NA,2023,8,2023,14,T2-2,type2,A2063G,Taiwan,Taiwan,This study,other STs,0,0
WGS_MP107,WGS_MP107,SAMN47738228,NA,2024,6,2024 Jul,3,T1-2,type1,A2063G,Taiwan,Taiwan,This study,subclade_post_b,0,0
MP109,MP109,SAMN48824227,NA,2024,6,2024 Jul,3,T1-2,type1,A2063G,Taiwan,Taiwan,This study,subclade_post_b,0,0
WGS_MP113,WGS_MP113,SAMN47738229,NA,2024,7,2024 Jul,3,T1-2,type1,A2063G,Taiwan,Taiwan,This study,subclade_post_b,0,0
WGS_MP114,WGS_MP114,SAMN47738230,NA,2024,7,2024 Jul,3,T1-2,type1,A2063G,Taiwan,Taiwan,This study,subclade_post_b,0,0
WGS_MP115,WGS_MP115,SAMN47738231,NA,2024,7,2024 Jul,3,T1-2,type1,A2063G,Taiwan,Taiwan,This study,subclade_post_b,0,0
WGS_MP130,WGS_MP130,SAMN47738232,NA,2024,8,2024 Jul,3,T1-2,type1,A2063G,Taiwan,Taiwan,This study,subclade_post_b,0,0
WGS_MP134,WGS_MP134,SAMN47738235,NA,2024,9,2024 Oct,3,T1-2,type1,A2063G,Taiwan,Taiwan,This study,subclade_post_c,0,0
MP135,MP135,SAMN48824229,NA,2024,9,2024 Oct,3,T1-2,type1,A2063G,Taiwan,Taiwan,This study,subclade_post_c,0,0
WGS_MP137,WGS_MP137,SAMN47738236,NA,2024,9,2024 Oct,3,T1-2,type1,A2063G,Taiwan,Taiwan,This study,subclade_post_b,0,0
WGS_mp14,WGS_mp14,SAMN47738237,NA,2023,11,2023,3,T1-2,type1,A2063G,Taiwan,Taiwan,This study,other ST3,0,0
WGS_MP142,WGS_MP142,SAMN47738238,NA,2024,9,2024 Oct,3,T1-2,type1,A2063G,Taiwan,Taiwan,This study,other ST3,0,0
WGS_MP144,WGS_MP144,SAMN47738239,NA,2024,9,2024 Oct,3,T1-2,type1,A2063G,Taiwan,Taiwan,This study,subclade_post_b,0,0
WGS_MP145,WGS_MP145,SAMN47738240,NA,2024,9,2024 Oct,3,T1-2,type1,A2063G,Taiwan,Taiwan,This study,subclade_post_b,0,0
WGS_MP146,WGS_MP146,SAMN47738241,NA,2024,9,2024 Oct,3,T1-2,type1,A2063G,Taiwan,Taiwan,This study,subclade_post_b,0,0
WGS_mp15,WGS_mp15,SAMN47738242,NA,2023,11,2023,3,T1-2,type1,A2063G,Taiwan,Taiwan,This study,other ST3,0,0
WGS_MP16,WGS_MP16,SAMN47738243,NA,2023,11,2023,3,T1-2,type1,A2063G,Taiwan,Taiwan,This study,other ST3,0,0
WGS_mp17,WGS_mp17,SAMN47738244,NA,2023,12,2023,3,T1-2,type1,A2063G,Taiwan,Taiwan,This study,other ST3,0,0
WGS_mp19,WGS_mp19,SAMN47738245,NA,2023,12,2023,3,T1-2,type1,A2063G,Taiwan,Taiwan,This study,other ST3,0,0
WGS_MP-20,WGS_MP-20,SAMN47738246,NA,2023,12,2023,3,T1-2,type1,A2063G,Taiwan,Taiwan,This study,subclade_pre,0,0
MP21,MP21,SAMN48824226?,NA,2024,1,2024 Jan,3,T1-2,type1,A2063G,Taiwan,Taiwan,This study,subclade_post_a,0,0
WGS_MP22,WGS_MP22,SAMN47738247,NA,2024,1,2024 Jan,14,T2-2,type2,S,Taiwan,Taiwan,This study,other STs,0,0
WGS_MP-25,WGS_MP-25,SAMN47738248,NA,2024,1,2024 Jan,3,T1-2,type1,A2063G,Taiwan,Taiwan,This study,subclade_pre,0,0
WGS_MP-26,WGS_MP-26,SAMN47738249,NA,2024,2,2024 Jan,3,T1-2,type1,A2063G,Taiwan,Taiwan,This study,subclade_pre,0,0
WGS_mp27,WGS_mp27,SAMN47738250,NA,2024,2,2024 Jan,3,T1-2,type1,A2063G,Taiwan,Taiwan,This study,other ST3,0,0
WGS_MP-28,WGS_MP-28,SAMN47738251,NA,2024,2,2024 Jan,3,T1-2,type1,A2063G,Taiwan,Taiwan,This study,subclade_pre,0,0
WGS_MP-30,WGS_MP-30,SAMN47738252,NA,2024,3,2024 Jan,3,T1-2,type1,A2063G,Taiwan,Taiwan,This study,subclade_pre,0,0
WGS_MP-32,WGS_MP-32,SAMN47738254,NA,2024,3,2024 Jan,3,T1-2,type1,A2063G,Taiwan,Taiwan,This study,subclade_pre,0,0
WGS_mp33,WGS_mp33,SAMN47738255,NA,2024,3,2024 Jan,3,T1-2,type1,A2063G,Taiwan,Taiwan,This study,other ST3,0,0
WGS_MP-34,WGS_MP-34,SAMN47738256,NA,2024,3,2024 Jan,3,T1-2,type1,A2063G,Taiwan,Taiwan,This study,subclade_pre,0,0
WGS_MP-37,WGS_MP-37,SAMN47738257,NA,2024,3,2024 Jan,3,T1-2,type1,A2063G,Taiwan,Taiwan,This study,other ST3,0,0
WGS_MP-39,WGS_MP-39,SAMN47738258,NA,2024,4,2024 Apr,3,T1-2,type1,A2063G,Taiwan,Taiwan,This study,subclade_pre,0,0
WGS_MP-40,WGS_MP-40,SAMN47738259,NA,2024,4,2024 Apr,3,T1-2,type1,A2063G,Taiwan,Taiwan,This study,subclade_pre,0,0
WGS_MP-42,WGS_MP-42,SAMN47738260,NA,2024,4,2024 Apr,3,T1-2,type1,A2063G,Taiwan,Taiwan,This study,subclade_pre,0,0
WGS_MP-43,WGS_MP-43,SAMN47738261,NA,2024,4,2024 Apr,3,T1-2,type1,A2063G,Taiwan,Taiwan,This study,subclade_pre,0,0
WGS_MP-45,WGS_MP-45,SAMN47738262,NA,2024,4,2024 Apr,3,T1-2,type1,A2063G,Taiwan,Taiwan,This study,subclade_pre,0,0
WGS_MP-46,WGS_MP-46,SAMN47738263,NA,2024,4,2024 Apr,3,T1-2,type1,A2063G,Taiwan,Taiwan,This study,subclade_pre,0,0
WGS_MP-49,WGS_MP-49,SAMN47738264,NA,2024,4,2024 Apr,3,T1-2,type1,A2063G,Taiwan,Taiwan,This study,subclade_pre,0,0
WGS_MP-52,WGS_MP-52,SAMN47738265,NA,2024,4,2024 Apr,3,T1-2,type1,A2063G,Taiwan,Taiwan,This study,subclade_pre,0,0
WGS_MP-53,WGS_MP-53,SAMN47738266,NA,2024,4,2024 Apr,3,T1-2,type1,A2063G,Taiwan,Taiwan,This study,subclade_pre,0,0
WGS_MP-54,WGS_MP-54,SAMN47738267,NA,2024,4,2024 Apr,3,T1-2,type1,A2063G,Taiwan,Taiwan,This study,subclade_pre,0,0
WGS_MP-58,WGS_MP-58,SAMN47738268,NA,2024,5,2024 Apr,3,T1-2,type1,A2063G,Taiwan,Taiwan,This study,subclade_pre,0,0
WGS_MP-60,WGS_MP-60,SAMN47738269,NA,2024,5,2024 Apr,3,T1-2,type1,A2063G,Taiwan,Taiwan,This study,subclade_pre,0,0
WGS_MP-61,WGS_MP-61,SAMN47738270,NA,2024,5,2024 Apr,3,T1-2,type1,A2063G,Taiwan,Taiwan,This study,subclade_pre,0,0
WGS_MP63,WGS_MP63,SAMN47738285,NA,2024,5,2024 Apr,3,T1-2,type1,A2063G,Taiwan,Taiwan,This study,subclade_post_b,0,0
WGS_MP-64,WGS_MP-64,SAMN47738271,NA,2024,5,2024 Apr,3,T1-2,type1,A2063G,Taiwan,Taiwan,This study,subclade_pre,0,0
WGS_MP-66,WGS_MP-66,SAMN47738272,NA,2024,5,2024 Apr,3,T1-2,type1,A2063G,Taiwan,Taiwan,This study,subclade_pre,0,0
WGS_MP-67,WGS_MP-67,SAMN47738273,NA,2024,5,2024 Apr,3,T1-2,type1,A2063G,Taiwan,Taiwan,This study,subclade_pre,0,0
WGS_MP78,WGS_MP78,SAMN47738275,NA,2024,5,2024 Apr,3,T1-2,type1,A2063G,Taiwan,Taiwan,This study,subclade_post_b,0,0
WGS_MP84,WGS_MP84,SAMN47738276,NA,2024,6,2024 Jul,3,T1-2,type1,A2063G,Taiwan,Taiwan,This study,subclade_post_b,0,0
WGS_MP-G10,WGS_MP-G10,SAMN47738187,NA,2024,7,2024 Jul,3,T1-2,type1,A2063G,Taiwan,Taiwan,This study,other ST3,0,0
WGS_MP-G11,WGS_MP-G11,SAMN47738188,NA,2024,6,2024 Jul,3,T1-2,type1,A2063G,Taiwan,Taiwan,This study,subclade_post_b,0,0
WGS_MP-G2,WGS_MP-G2,SAMN47738189,NA,2024,4,2024 Apr,3,T1-2,type1,A2063G,Taiwan,Taiwan,This study,other ST3,0,0
WGS_MP-G3,WGS_MP-G3,SAMN47738190,NA,2024,4,2024 Apr,3,T1-2,type1,A2063G,Taiwan,Taiwan,This study,subclade_pre,0,0
WGS_MP-G5,WGS_MP-G5,SAMN47738191,NA,2024,6,2024 Jul,14,T2-2,type2,S,Taiwan,Taiwan,This study,other STs,0,0
WGS_MP-G6,WGS_MP-G6,SAMN47738192,NA,2024,5,2024 Apr,14,T2-2,type2,A2063G,Taiwan,Taiwan,This study,other STs,0,0
WGS_MP-G7,WGS_MP-G7,SAMN47738193,NA,2024,5,2024 Apr,14,T2-2,type2,S,Taiwan,Taiwan,This study,other STs,0,0
WGS_MP-G8,WGS_MP-G8,SAMN47738194,NA,2024,7,2024 Jul,3,T1-2,type1,A2063G,Taiwan,Taiwan,This study,subclade_post_c,0,0
WGS_MP-KH01,WGS_MP-KH01,SAMN47738195,NA,2024,7,2024 Jul,3,T1-2,type1,A2063G,Taiwan,Taiwan,This study,other ST3,0,0
WGS_MP-KH10,WGS_MP-KH10,SAMN47738203,NA,2024,7,2024 Jul,3,T1-2,type1,A2063G,Taiwan,Taiwan,This study,subclade_post_b,0,0
WGS_MP-KH11,WGS_MP-KH11,SAMN47738204,NA,2024,6,2024 Jul,14,T2-2,type2,A2063G,Taiwan,Taiwan,This study,other STs,0,0
WGS_MP-KH13,WGS_MP-KH13,SAMN47738205,NA,2024,6,2024 Jul,3,T1-2,type1,A2063G,Taiwan,Taiwan,This study,subclade_post_b,0,0
WGS_MP-KH14,WGS_MP-KH14,SAMN47738206,NA,2024,6,2024 Jul,3,T1-2,type1,A2063G,Taiwan,Taiwan,This study,subclade_post_b,0,0
WGS_MP-KH16,WGS_MP-KH16,SAMN47738207,NA,2024,7,2024 Jul,14,T2-2,type2,A2063G,Taiwan,Taiwan,This study,other STs,0,0
WGS_MP-KH18,WGS_MP-KH18,SAMN47738208,NA,2024,7,2024 Jul,3,T1-2,type1,A2063G,Taiwan,Taiwan,This study,subclade_post_b,0,0
WGS_MP-KH19,WGS_MP-KH19,SAMN47738209,NA,2024,7,2024 Jul,3,T1-2,type1,A2063G,Taiwan,Taiwan,This study,subclade_post_b,0,0
WGS_MP-KH2,WGS_MP-KH2,SAMN47738196,NA,2024,7,2024 Jul,3,T1-2,type1,A2063G,Taiwan,Taiwan,This study,subclade_post_b,0,0
WGS_MP-KH20,WGS_MP-KH20,SAMN47738210,NA,2024,7,2024 Jul,3,T1-2,type1,A2063G,Taiwan,Taiwan,This study,subclade_post_b,0,0
WGS_MP-KH23,WGS_MP-KH23,SAMN47738211,NA,2024,8,2024 Jul,3,T1-2,type1,A2063G,Taiwan,Taiwan,This study,subclade_post_c,0,0
WGS_MP-KH24,WGS_MP-KH24,SAMN47738212,NA,2024,8,2024 Jul,3,T1-2,type1,A2063G,Taiwan,Taiwan,This study,subclade_post_c,0,0
WGS_MP-KH25,WGS_MP-KH25,SAMN47738213,NA,2024,8,2024 Jul,3,T1-2,type1,A2063G,Taiwan,Taiwan,This study,subclade_post_b,0,0
WGS_MP-KH26,WGS_MP-KH26,SAMN47738214,NA,2024,8,2024 Jul,3,T1-2,type1,A2063G,Taiwan,Taiwan,This study,subclade_post_b,0,0
WGS_MP-KH27,WGS_MP-KH27,SAMN47738215,NA,2024,8,2024 Jul,3,T1-2,type1,A2063G,Taiwan,Taiwan,This study,subclade_post_a,0,0
WGS_MP-KH28,WGS_MP-KH28,SAMN47738216,NA,2024,8,2024 Jul,3,T1-2,type1,A2063G,Taiwan,Taiwan,This study,subclade_post_b,0,0
WGS_MP-KH31,WGS_MP-KH31,SAMN47738218,NA,2024,9,2024 Oct,3,T1-2,type1,A2063G,Taiwan,Taiwan,This study,subclade_post_a,0,0
WGS_MP-KH39,WGS_MP-KH39,SAMN47738219,NA,2024,10,2024 Oct,3,T1-2,type1,A2063G,Taiwan,Taiwan,This study,subclade_post_c,0,0
WGS_MP-KH4,WGS_MP-KH4,SAMN47738198,NA,2024,7,2024 Jul,14,T2-2,type2,A2063G,Taiwan,Taiwan,This study,other STs,0,0
WGS_MP-KH6,WGS_MP-KH6,SAMN47738200,NA,2024,7,2024 Jul,14,T2-2,type2,A2063G,Taiwan,Taiwan,This study,other STs,0,0
WGS_MP-KH7,WGS_MP-KH7,SAMN47738201,NA,2024,7,2024 Jul,3,T1-2,type1,A2063G,Taiwan,Taiwan,This study,subclade_post_c,0,0
WGS_MP-KH8,WGS_MP-KH8,SAMN47738202,NA,2024,6,2024 Jul,3,T1-2,type1,A2063G,Taiwan,Taiwan,This study,subclade_post_b,0,0
WGS_MP-KHH1,WGS_MP-KHH1,SAMN47738220,NA,2024,7,2024 Jul,3,T1-2,type1,A2063G,Taiwan,Taiwan,This study,other ST3,0,0
WGS_MP-KHH2,WGS_MP-KHH2,SAMN47738221,NA,2024,7,2024 Jul,3,T1-2,type1,A2063G,Taiwan,Taiwan,This study,other ST3,0,0
WGS_MP-KHH3,WGS_MP-KHH3,SAMN47738222,NA,2024,7,2024 Jul,3,T1-2,type1,A2063G,Taiwan,Taiwan,This study,subclade_post_c,0,0
WGS_MP-KHH4,WGS_MP-KHH4,SAMN47738223,NA,2024,7,2024 Jul,3,T1-2,type1,A2063G,Taiwan,Taiwan,This study,other ST3,0,0
WGS_MP-KHH5,WGS_MP-KHH5,SAMN47738224,NA,2024,7,2024 Jul,3,T1-2,type1,A2063G,Taiwan,Taiwan,This study,subclade_post_b,0,0
NS01,NS01,SAMN17804528,NA,2019,NA,2019,3,T1-2,type1,A2063G,Taiwan,Taiwan,This study,subclade_pre,0,0
NS02,NS02,SAMN17804529,NA,2019,NA,2019,3,T1-2,type1,A2063G,Taiwan,Taiwan,This study,other ST3,0,0
NS03,NS03,SAMN17804530,NA,2019,NA,2019,17,T1-3,type1,A2063T,Taiwan,Taiwan,This study,other STs,0,0
NS04,NS04,SAMN17804531,NA,2019,NA,2019,3,T1-2,type1,A2063G,Taiwan,Taiwan,This study,other ST3,0,0
NS14,NS14,SAMN17804532,NA,2019,NA,2019,17,T1-3,type1,S,Taiwan,Taiwan,This study,other STs,0,0
NS17,NS17,SAMN17804533,NA,2019,NA,2019,3,T1-2,type1,A2063G,Taiwan,Taiwan,This study,subclade_pre,0,0
S04,S04,SAMN17804534,NA,2018,NA,< 2019,3,T1-2,type1,A2063G,Taiwan,Taiwan,This study,subclade_pre,0,0
S06,S06,SAMN17804535,NA,2018,NA,< 2019,3,T1-2,type1,A2063G,Taiwan,Taiwan,This study,subclade_pre,0,0
S08,S08,SAMN17804536,NA,2018,NA,< 2019,17,T1-3,type1,S,Taiwan,Taiwan,This study,other STs,0,0
S09,S09,SAMN17804537,NA,2018,NA,< 2019,17,T1-3,type1,S,Taiwan,Taiwan,This study,other STs,0,0
S13,S13,SAMN17804538,NA,2018,NA,< 2019,14,T2-2,type2,S,Taiwan,Taiwan,This study,other STs,0,0
S32,S32,SAMN17804539,NA,2019,NA,2019,3,T1-2,type1,A2064G,Taiwan,Taiwan,This study,other ST3,0,0
WGS_S44,WGS_S44,SAMN47738283,NA,2019,NA,2019,20,T1-2,type1,S,Taiwan,Taiwan,This study,other STs,0,0
S45,S45,SAMN17804540,NA,2019,NA,2019,3,T1-2,type1,A2063G,Taiwan,Taiwan,This study,subclade_pre,0,0
S48,S48,SAMN17804541,NA,2019,NA,2019,17,T1-3,type1,S,Taiwan,Taiwan,This study,other STs,0,0
S50,S50,SAMN17804542,NA,2019,NA,2019,3,T1-2,type1,A2063G,Taiwan,Taiwan,This study,subclade_pre,0,0
S52,S52,SAMN17804543,NA,2019,NA,2019,17,T1-3,type1,A2063G,Taiwan,Taiwan,This study,other STs,0,0
S53,S53,SAMN17804544,NA,2019,NA,2019,3,T1-2,type1,A2063G,Taiwan,Taiwan,This study,other ST3,0,0
S54,S54,SAMN17804545,NA,2019,NA,2019,3,T1-2,type1,A2063G,Taiwan,Taiwan,This study,subclade_pre,0,0
S55,S55,SAMN17804546,NA,2019,NA,2019,3,T1-2,type1,A2063G,Taiwan,Taiwan,This study,subclade_pre,0,0
S57,S57,SAMN17804547,NA,2019,NA,2019,17,T1-3,type1,A2063T,Taiwan,Taiwan,This study,other STs,0,0
S59,S59,SAMN17804548,NA,2019,NA,2019,3,T1-2,type1,A2063G,Taiwan,Taiwan,This study,subclade_pre,0,0
S62,S62,SAMN17804549,NA,2019,NA,2019,14,T2-2,type2,S,Taiwan,Taiwan,This study,other STs,0,0
S66,S66,SAMN17804550,NA,2019,NA,2019,17,T1-3,type1,S,Taiwan,Taiwan,This study,other STs,0,0
MP_KH60,MP_KH60,SAMN50033711? ? MP_KH60? ? MP_KH60? ? Mycoplasmoides pneumoniae? ? 2104? ? 3-MP_KH60? ? not collected? ?,NA,2024,11,2024 Oct,3,T1-2,type1,A2063G,Taiwan,Taiwan,This study,subclade_post_a,0,0
MP_KH68,MP_KH68,SAMN50033713? ? MP_KH68? ? MP_KH68? ? Mycoplasmoides pneumoniae? ? 2104? ? 3-MP_KH68? ? not collected? ?,NA,2024,11,2024 Oct,14,T2-2,type2,A2063G,Taiwan,Taiwan,This study,other STs,0,0
MP_KH71,MP_KH71,SAMN50033714? ? MP_KH71? ? MP_KH71? ? Mycoplasmoides pneumoniae? ? 2104? ? 3-MP_KH71? ? not collected? ?,NA,2024,11,2024 Oct,3,T1-2,type1,A2063G,Taiwan,Taiwan,This study,subclade_post_b,0,0
MP147,MP147,SAMN50033716? ? MP147? ? MP147? ? Mycoplasmoides pneumoniae? ? 2104? ? 3-MP147? ? not collected? ?,NA,2024,10,2024 Oct,3,T1-2,type1,A2063G,Taiwan,Taiwan,This study,subclade_post_b,0,0
MP148,MP148,SAMN50033717? ? MP148? ? MP148? ? Mycoplasmoides pneumoniae? ? 2104? ? 3-MP148? ? not collected? ?,NA,2024,10,2024 Oct,3,T1-2,type1,A2063G,Taiwan,Taiwan,This study,subclade_post_d,0,0
MP152,MP152,SAMN50033718? ? MP152? ? MP152? ? Mycoplasmoides pneumoniae? ? 2104? ? 3-MP152? ? not collected? ?,NA,2024,11,2024 Oct,3,T1-2,type1,A2063G,Taiwan,Taiwan,This study,other ST3,0,0
MP153,MP153,SAMN50033719? ? MP153? ? MP153? ? Mycoplasmoides pneumoniae? ? 2104? ? 3-MP153? ? not collected? ?,NA,2024,11,2024 Oct,3,T1-2,type1,A2063G,Taiwan,Taiwan,This study,subclade_post_d,0,0
MP156,MP156,SAMN50033720? ? MP156? ? MP156? ? Mycoplasmoides pneumoniae? ? 2104? ? 3-MP156? ? not collected? ?,NA,2024,11,2024 Oct,3,T1-2,type1,A2063G,Taiwan,Taiwan,This study,other ST3,0,0
MP157,MP157,SAMN50033721? ? MP157? ? MP157? ? Mycoplasmoides pneumoniae? ? 2104? ? 3-MP157? ? not collected? ?,NA,2024,11,2024 Oct,3,T1-2,type1,A2063G,Taiwan,Taiwan,This study,subclade_post_c,0,0
MP160,MP160,SAMN50033722? ? MP160? ? MP160? ? Mycoplasmoides pneumoniae? ? 2104? ? 3-MP160? ? not collected? ?,NA,2024,11,2024 Oct,3,T1-2,type1,A2063G,Taiwan,Taiwan,This study,subclade_post_d,0,0
MP178,MP178,SAMN50033723? ? MP178? ? MP178? ? Mycoplasmoides pneumoniae? ? 2104? ? 3-MP178? ? not collected? ?,NA,2024,12,2024 Oct,3,T1-2,type1,A2063G,Taiwan,Taiwan,This study,subclade_post_b,0,0
